{"date": "2021-12-01 07:54:03,719", "message_type": "INFO", "message": "Initial blacklisted packages:"},
{"date": "2021-12-01 07:54:03,720", "message_type": "INFO", "message": "Initial whitelisted packages:"},
{"date": "2021-12-01 07:54:03,721", "message_type": "INFO", "message": "Starting unattended upgrades script"},
{"date": "2021-12-01 07:54:03,721", "message_type": "INFO", "message": "Allowed origins are: o=Ubuntu,a=bionic, o=Ubuntu,a=bionic-security, o=UbuntuESMApps,a=bionic-apps-security, o=UbuntuESM,a=bionic-infra-security"},
{"date": "2021-12-02 06:21:40,025", "message_type": "INFO", "message": "Initial blacklisted packages:"},
{"date": "2021-12-02 06:21:40,046", "message_type": "INFO", "message": "Initial whitelisted packages:"},
{"date": "2021-12-02 06:21:40,046", "message_type": "INFO", "message": "Starting unattended upgrades script"},
{"date": "2021-12-02 06:21:40,047", "message_type": "INFO", "message": "Allowed origins are: o=Ubuntu,a=bionic, o=Ubuntu,a=bionic-security, o=UbuntuESMApps,a=bionic-apps-security, o=UbuntuESM,a=bionic-infra-security"},
{"date": "2021-12-02 06:21:56,090", "message_type": "INFO", "message": "Removing unused kernel packages: linux-image-4.15.0-161-generic linux-modules-extra-4.15.0-161-generic linux-modules-4.15.0-161-generic linux-headers-4.15.0-161-generic linux-headers-4.15.0-161"},
{"date": "2021-12-02 06:22:40,313", "message_type": "INFO", "message": "Packages that were successfully auto-removed: linux-headers-4.15.0-161 linux-headers-4.15.0-161-generic linux-image-4.15.0-161-generic linux-modules-4.15.0-161-generic linux-modules-extra-4.15.0-161-generic"},
{"date": "2021-12-02 06:22:40,313", "message_type": "INFO", "message": "Packages that are kept back:"},
{"date": "2021-12-02 06:22:43,058", "message_type": "INFO", "message": "No packages found that can be upgraded unattended and no pending auto-removals"},
{"date": "2021-12-02 15:07:58,657", "message_type": "INFO", "message": "Initial blacklisted packages:"},
{"date": "2021-12-02 15:07:58,668", "message_type": "INFO", "message": "Initial whitelisted packages:"},
{"date": "2021-12-02 15:07:58,668", "message_type": "INFO", "message": "Starting unattended upgrades script"},
{"date": "2021-12-02 15:07:58,669", "message_type": "INFO", "message": "Allowed origins are: o=Ubuntu,a=bionic, o=Ubuntu,a=bionic-security, o=UbuntuESMApps,a=bionic-apps-security, o=UbuntuESM,a=bionic-infra-security"},
{"date": "2021-12-03 06:46:04,764", "message_type": "INFO", "message": "Initial blacklisted packages:"},
{"date": "2021-12-03 06:46:04,781", "message_type": "INFO", "message": "Initial whitelisted packages:"},
{"date": "2021-12-03 06:46:04,781", "message_type": "INFO", "message": "Starting unattended upgrades script"},
{"date": "2021-12-03 06:46:04,781", "message_type": "INFO", "message": "Allowed origins are: o=Ubuntu,a=bionic, o=Ubuntu,a=bionic-security, o=UbuntuESMApps,a=bionic-apps-security, o=UbuntuESM,a=bionic-infra-security"},
{"date": "2021-12-03 06:46:22,410", "message_type": "INFO", "message": "Packages that will be upgraded: libnss3"},
{"date": "2021-12-03 06:46:22,411", "message_type": "INFO", "message": "Writing dpkg log to /var/log/unattended-upgrades/unattended-upgrades-dpkg.log"},
{"date": "2021-12-03 06:46:39,153", "message_type": "INFO", "message": "All upgrades installed"},
{"date": "2021-12-03 13:05:49,143", "message_type": "INFO", "message": "Initial blacklisted packages:"},
{"date": "2021-12-03 13:05:49,144", "message_type": "INFO", "message": "Initial whitelisted packages:"},
{"date": "2021-12-03 13:05:49,144", "message_type": "INFO", "message": "Starting unattended upgrades script"},
{"date": "2021-12-03 13:05:49,145", "message_type": "INFO", "message": "Allowed origins are: o=Ubuntu,a=bionic, o=Ubuntu,a=bionic-security, o=UbuntuESMApps,a=bionic-apps-security, o=UbuntuESM,a=bionic-infra-security"},
{"date": "2021-12-04 01:08:49,747", "message_type": "INFO", "message": "Initial blacklisted packages:"},
{"date": "2021-12-04 01:08:49,748", "message_type": "INFO", "message": "Initial whitelisted packages:"},
{"date": "2021-12-04 01:08:49,748", "message_type": "INFO", "message": "Starting unattended upgrades script"},
{"date": "2021-12-04 01:08:49,749", "message_type": "INFO", "message": "Allowed origins are: o=Ubuntu,a=bionic, o=Ubuntu,a=bionic-security, o=UbuntuESMApps,a=bionic-apps-security, o=UbuntuESM,a=bionic-infra-security"},
{"date": "2021-12-04 06:40:17,468", "message_type": "INFO", "message": "Initial blacklisted packages:"},
{"date": "2021-12-04 06:40:17,469", "message_type": "INFO", "message": "Initial whitelisted packages:"},
{"date": "2021-12-04 06:40:17,469", "message_type": "INFO", "message": "Starting unattended upgrades script"},
{"date": "2021-12-04 06:40:17,470", "message_type": "INFO", "message": "Allowed origins are: o=Ubuntu,a=bionic, o=Ubuntu,a=bionic-security, o=UbuntuESMApps,a=bionic-apps-security, o=UbuntuESM,a=bionic-infra-security"},
{"date": "2021-12-04 06:40:32,543", "message_type": "INFO", "message": "No packages found that can be upgraded unattended and no pending auto-removals"},
{"date": "2021-12-05 00:02:16,262", "message_type": "INFO", "message": "Initial blacklisted packages:"},
{"date": "2021-12-05 00:02:16,264", "message_type": "INFO", "message": "Initial whitelisted packages:"},
{"date": "2021-12-05 00:02:16,264", "message_type": "INFO", "message": "Starting unattended upgrades script"},
{"date": "2021-12-05 00:02:16,264", "message_type": "INFO", "message": "Allowed origins are: o=Ubuntu,a=bionic, o=Ubuntu,a=bionic-security, o=UbuntuESMApps,a=bionic-apps-security, o=UbuntuESM,a=bionic-infra-security"},
{"date": "2021-12-05 06:45:23,277", "message_type": "INFO", "message": "Initial blacklisted packages:"},
{"date": "2021-12-05 06:45:23,278", "message_type": "INFO", "message": "Initial whitelisted packages:"},
{"date": "2021-12-05 06:45:23,279", "message_type": "INFO", "message": "Starting unattended upgrades script"},
{"date": "2021-12-05 06:45:23,279", "message_type": "INFO", "message": "Allowed origins are: o=Ubuntu,a=bionic, o=Ubuntu,a=bionic-security, o=UbuntuESMApps,a=bionic-apps-security, o=UbuntuESM,a=bionic-infra-security"},
{"date": "2021-12-05 06:45:38,446", "message_type": "INFO", "message": "No packages found that can be upgraded unattended and no pending auto-removals"},
{"date": "2021-12-06 06:11:40,014", "message_type": "INFO", "message": "Initial blacklisted packages:"},
{"date": "2021-12-06 06:11:40,015", "message_type": "INFO", "message": "Initial whitelisted packages:"},
{"date": "2021-12-06 06:11:40,016", "message_type": "INFO", "message": "Starting unattended upgrades script"},
{"date": "2021-12-06 06:11:40,016", "message_type": "INFO", "message": "Allowed origins are: o=Ubuntu,a=bionic, o=Ubuntu,a=bionic-security, o=UbuntuESMApps,a=bionic-apps-security, o=UbuntuESM,a=bionic-infra-security"},
{"date": "2021-12-06 06:11:55,122", "message_type": "INFO", "message": "No packages found that can be upgraded unattended and no pending auto-removals"},
{"date": "2021-12-06 12:32:46,876", "message_type": "INFO", "message": "Initial blacklisted packages:"},
{"date": "2021-12-06 12:32:46,877", "message_type": "INFO", "message": "Initial whitelisted packages:"},
{"date": "2021-12-06 12:32:46,877", "message_type": "INFO", "message": "Starting unattended upgrades script"},
{"date": "2021-12-06 12:32:46,877", "message_type": "INFO", "message": "Allowed origins are: o=Ubuntu,a=bionic, o=Ubuntu,a=bionic-security, o=UbuntuESMApps,a=bionic-apps-security, o=UbuntuESM,a=bionic-infra-security"},
{"date": "2021-12-07 06:56:27,184", "message_type": "INFO", "message": "Initial blacklisted packages:"},
{"date": "2021-12-07 06:56:27,185", "message_type": "INFO", "message": "Initial whitelisted packages:"},
{"date": "2021-12-07 06:56:27,185", "message_type": "INFO", "message": "Starting unattended upgrades script"},
{"date": "2021-12-07 06:56:27,186", "message_type": "INFO", "message": "Allowed origins are: o=Ubuntu,a=bionic, o=Ubuntu,a=bionic-security, o=UbuntuESMApps,a=bionic-apps-security, o=UbuntuESM,a=bionic-infra-security"},
{"date": "2021-12-07 06:56:42,250", "message_type": "INFO", "message": "No packages found that can be upgraded unattended and no pending auto-removals"},
{"date": "2021-12-07 11:37:32,602", "message_type": "INFO", "message": "Initial blacklisted packages:"},
{"date": "2021-12-07 11:37:32,603", "message_type": "INFO", "message": "Initial whitelisted packages:"},
{"date": "2021-12-07 11:37:32,604", "message_type": "INFO", "message": "Starting unattended upgrades script"},
{"date": "2021-12-07 11:37:32,604", "message_type": "INFO", "message": "Allowed origins are: o=Ubuntu,a=bionic, o=Ubuntu,a=bionic-security, o=UbuntuESMApps,a=bionic-apps-security, o=UbuntuESM,a=bionic-infra-security"},
{"date": "2021-12-08 01:38:56,102", "message_type": "INFO", "message": "Initial blacklisted packages:"},
{"date": "2021-12-08 01:38:56,103", "message_type": "INFO", "message": "Initial whitelisted packages:"},
{"date": "2021-12-08 01:38:56,103", "message_type": "INFO", "message": "Starting unattended upgrades script"},
{"date": "2021-12-08 01:38:56,103", "message_type": "INFO", "message": "Allowed origins are: o=Ubuntu,a=bionic, o=Ubuntu,a=bionic-security, o=UbuntuESMApps,a=bionic-apps-security, o=UbuntuESM,a=bionic-infra-security"},
{"date": "2021-12-08 06:00:27,221", "message_type": "INFO", "message": "Initial blacklisted packages:"},
{"date": "2021-12-08 06:00:27,222", "message_type": "INFO", "message": "Initial whitelisted packages:"},
{"date": "2021-12-08 06:00:27,222", "message_type": "INFO", "message": "Starting unattended upgrades script"},
{"date": "2021-12-08 06:00:27,222", "message_type": "INFO", "message": "Allowed origins are: o=Ubuntu,a=bionic, o=Ubuntu,a=bionic-security, o=UbuntuESMApps,a=bionic-apps-security, o=UbuntuESM,a=bionic-infra-security"},
{"date": "2021-12-08 06:00:44,251", "message_type": "INFO", "message": "Packages that will be upgraded: busybox-initramfs"},
{"date": "2021-12-08 06:00:44,251", "message_type": "INFO", "message": "Writing dpkg log to /var/log/unattended-upgrades/unattended-upgrades-dpkg.log"},
{"date": "2021-12-08 06:00:56,439", "message_type": "INFO", "message": "All upgrades installed"},
{"date": "2021-12-09 00:46:45,428", "message_type": "INFO", "message": "Initial blacklisted packages:"},
{"date": "2021-12-09 00:46:45,429", "message_type": "INFO", "message": "Initial whitelisted packages:"},
{"date": "2021-12-09 00:46:45,429", "message_type": "INFO", "message": "Starting unattended upgrades script"},
{"date": "2021-12-09 00:46:45,430", "message_type": "INFO", "message": "Allowed origins are: o=Ubuntu,a=bionic, o=Ubuntu,a=bionic-security, o=UbuntuESMApps,a=bionic-apps-security, o=UbuntuESM,a=bionic-infra-security"},
{"date": "2021-12-09 06:41:40,027", "message_type": "INFO", "message": "Initial blacklisted packages:"},
{"date": "2021-12-09 06:41:40,028", "message_type": "INFO", "message": "Initial whitelisted packages:"},
{"date": "2021-12-09 06:41:40,028", "message_type": "INFO", "message": "Starting unattended upgrades script"},
{"date": "2021-12-09 06:41:40,029", "message_type": "INFO", "message": "Allowed origins are: o=Ubuntu,a=bionic, o=Ubuntu,a=bionic-security, o=UbuntuESMApps,a=bionic-apps-security, o=UbuntuESM,a=bionic-infra-security"},
{"date": "2021-12-09 06:41:55,322", "message_type": "INFO", "message": "No packages found that can be upgraded unattended and no pending auto-removals"},
{"date": "2021-12-10 06:01:12,103", "message_type": "INFO", "message": "Initial blacklisted packages:"},
{"date": "2021-12-10 06:01:12,105", "message_type": "INFO", "message": "Initial whitelisted packages:"},
{"date": "2021-12-10 06:01:12,105", "message_type": "INFO", "message": "Starting unattended upgrades script"},
{"date": "2021-12-10 06:01:12,105", "message_type": "INFO", "message": "Allowed origins are: o=Ubuntu,a=bionic, o=Ubuntu,a=bionic-security, o=UbuntuESMApps,a=bionic-apps-security, o=UbuntuESM,a=bionic-infra-security"},
{"date": "2021-12-10 06:01:27,227", "message_type": "INFO", "message": "No packages found that can be upgraded unattended and no pending auto-removals"},
{"date": "2021-12-10 07:46:02,778", "message_type": "INFO", "message": "Initial blacklisted packages:"},
{"date": "2021-12-10 07:46:02,779", "message_type": "INFO", "message": "Initial whitelisted packages:"},
{"date": "2021-12-10 07:46:02,779", "message_type": "INFO", "message": "Starting unattended upgrades script"},
{"date": "2021-12-10 07:46:02,780", "message_type": "INFO", "message": "Allowed origins are: o=Ubuntu,a=bionic, o=Ubuntu,a=bionic-security, o=UbuntuESMApps,a=bionic-apps-security, o=UbuntuESM,a=bionic-infra-security"},
{"date": "2021-12-11 01:22:59,114", "message_type": "INFO", "message": "Initial blacklisted packages:"},
{"date": "2021-12-11 01:22:59,115", "message_type": "INFO", "message": "Initial whitelisted packages:"},
{"date": "2021-12-11 01:22:59,115", "message_type": "INFO", "message": "Starting unattended upgrades script"},
{"date": "2021-12-11 01:22:59,116", "message_type": "INFO", "message": "Allowed origins are: o=Ubuntu,a=bionic, o=Ubuntu,a=bionic-security, o=UbuntuESMApps,a=bionic-apps-security, o=UbuntuESM,a=bionic-infra-security"},
{"date": "2021-12-11 06:48:58,769", "message_type": "INFO", "message": "Initial blacklisted packages:"},
{"date": "2021-12-11 06:48:58,770", "message_type": "INFO", "message": "Initial whitelisted packages:"},
{"date": "2021-12-11 06:48:58,770", "message_type": "INFO", "message": "Starting unattended upgrades script"},
{"date": "2021-12-11 06:48:58,770", "message_type": "INFO", "message": "Allowed origins are: o=Ubuntu,a=bionic, o=Ubuntu,a=bionic-security, o=UbuntuESMApps,a=bionic-apps-security, o=UbuntuESM,a=bionic-infra-security"},
{"date": "2021-12-11 06:49:14,025", "message_type": "INFO", "message": "No packages found that can be upgraded unattended and no pending auto-removals"},
{"date": "2021-12-12 05:32:46,762", "message_type": "INFO", "message": "Initial blacklisted packages:"},
{"date": "2021-12-12 05:32:46,763", "message_type": "INFO", "message": "Initial whitelisted packages:"},
{"date": "2021-12-12 05:32:46,764", "message_type": "INFO", "message": "Starting unattended upgrades script"},
{"date": "2021-12-12 05:32:46,764", "message_type": "INFO", "message": "Allowed origins are: o=Ubuntu,a=bionic, o=Ubuntu,a=bionic-security, o=UbuntuESMApps,a=bionic-apps-security, o=UbuntuESM,a=bionic-infra-security"},
{"date": "2021-12-12 06:47:25,485", "message_type": "INFO", "message": "Initial blacklisted packages:"},
{"date": "2021-12-12 06:47:25,486", "message_type": "INFO", "message": "Initial whitelisted packages:"},
{"date": "2021-12-12 06:47:25,486", "message_type": "INFO", "message": "Starting unattended upgrades script"},
{"date": "2021-12-12 06:47:25,486", "message_type": "INFO", "message": "Allowed origins are: o=Ubuntu,a=bionic, o=Ubuntu,a=bionic-security, o=UbuntuESMApps,a=bionic-apps-security, o=UbuntuESM,a=bionic-infra-security"},
{"date": "2021-12-12 06:47:40,986", "message_type": "INFO", "message": "No packages found that can be upgraded unattended and no pending auto-removals"},
{"date": "2021-12-13 06:22:40,022", "message_type": "INFO", "message": "Initial blacklisted packages:"},
{"date": "2021-12-13 06:22:40,024", "message_type": "INFO", "message": "Initial whitelisted packages:"},
{"date": "2021-12-13 06:22:40,024", "message_type": "INFO", "message": "Starting unattended upgrades script"},
{"date": "2021-12-13 06:22:40,024", "message_type": "INFO", "message": "Allowed origins are: o=Ubuntu,a=bionic, o=Ubuntu,a=bionic-security, o=UbuntuESMApps,a=bionic-apps-security, o=UbuntuESM,a=bionic-infra-security"},
{"date": "2021-12-13 06:22:55,531", "message_type": "INFO", "message": "No packages found that can be upgraded unattended and no pending auto-removals"},
{"date": "2021-12-13 12:47:56,754", "message_type": "INFO", "message": "Initial blacklisted packages:"},
{"date": "2021-12-13 12:47:56,755", "message_type": "INFO", "message": "Initial whitelisted packages:"},
{"date": "2021-12-13 12:47:56,756", "message_type": "INFO", "message": "Starting unattended upgrades script"},
{"date": "2021-12-13 12:47:56,756", "message_type": "INFO", "message": "Allowed origins are: o=Ubuntu,a=bionic, o=Ubuntu,a=bionic-security, o=UbuntuESMApps,a=bionic-apps-security, o=UbuntuESM,a=bionic-infra-security"},
{"date": "2021-12-14 00:21:46,767", "message_type": "INFO", "message": "Initial blacklisted packages:"},
{"date": "2021-12-14 00:21:46,769", "message_type": "INFO", "message": "Initial whitelisted packages:"},
{"date": "2021-12-14 00:21:46,769", "message_type": "INFO", "message": "Starting unattended upgrades script"},
{"date": "2021-12-14 00:21:46,769", "message_type": "INFO", "message": "Allowed origins are: o=Ubuntu,a=bionic, o=Ubuntu,a=bionic-security, o=UbuntuESMApps,a=bionic-apps-security, o=UbuntuESM,a=bionic-infra-security"},
{"date": "2021-12-14 06:15:27,194", "message_type": "INFO", "message": "Initial blacklisted packages:"},
{"date": "2021-12-14 06:15:27,195", "message_type": "INFO", "message": "Initial whitelisted packages:"},
{"date": "2021-12-14 06:15:27,196", "message_type": "INFO", "message": "Starting unattended upgrades script"},
{"date": "2021-12-14 06:15:27,196", "message_type": "INFO", "message": "Allowed origins are: o=Ubuntu,a=bionic, o=Ubuntu,a=bionic-security, o=UbuntuESMApps,a=bionic-apps-security, o=UbuntuESM,a=bionic-infra-security"},
{"date": "2021-12-14 06:15:44,570", "message_type": "INFO", "message": "Packages that will be upgraded: libglib2.0-0 libglib2.0-data"},
{"date": "2021-12-14 06:15:44,570", "message_type": "INFO", "message": "Writing dpkg log to /var/log/unattended-upgrades/unattended-upgrades-dpkg.log"},
{"date": "2021-12-14 06:16:04,299", "message_type": "INFO", "message": "All upgrades installed"}