{"Start-Date": "2021-12-02  06:21:57", "Commandline": "/usr/bin/unattended-upgrade", "Operation": "Remove: linux-image-4.15.0-161-generic:amd64 (4.15.0-161.169), linux-modules-extra-4.15.0-161-generic:amd64 (4.15.0-161.169)", "End-Date": "2021-12-02  06:22:10"},
{"Start-Date": "2021-12-02  06:22:17", "Commandline": "/usr/bin/unattended-upgrade", "Operation": "Remove: linux-modules-4.15.0-161-generic:amd64 (4.15.0-161.169)", "End-Date": "2021-12-02  06:22:18"},
{"Start-Date": "2021-12-02  06:22:24", "Commandline": "/usr/bin/unattended-upgrade", "Operation": "Remove: linux-headers-4.15.0-161-generic:amd64 (4.15.0-161.169)", "End-Date": "2021-12-02  06:22:27"},
{"Start-Date": "2021-12-02  06:22:32", "Commandline": "/usr/bin/unattended-upgrade", "Operation": "Remove: linux-headers-4.15.0-161:amd64 (4.15.0-161.169)", "End-Date": "2021-12-02  06:22:35"},
{"Start-Date": "2021-12-03  06:46:26", "Commandline": "/usr/bin/unattended-upgrade", "Operation": "Upgrade: libnss3:amd64 (2:3.35-2ubuntu2.12, 2:3.35-2ubuntu2.13)", "End-Date": "2021-12-03  06:46:33"},
{"Start-Date": "2021-12-08  06:00:47", "Commandline": "/usr/bin/unattended-upgrade", "Operation": "Upgrade: busybox-initramfs:amd64 (1:1.27.2-2ubuntu3.3, 1:1.27.2-2ubuntu3.4)", "End-Date": "2021-12-08  06:00:51"},
{"Start-Date": "2021-12-14  06:15:48", "Commandline": "/usr/bin/unattended-upgrade", "Operation": "Upgrade: libglib2.0-0:amd64 (2.56.4-0ubuntu0.18.04.8, 2.56.4-0ubuntu0.18.04.9)", "End-Date": "2021-12-14  06:15:51"},
{"Start-Date": "2021-12-14  06:15:58", "Commandline": "/usr/bin/unattended-upgrade", "Operation": "Upgrade: libglib2.0-data:amd64 (2.56.4-0ubuntu0.18.04.8, 2.56.4-0ubuntu0.18.04.9)", "End-Date": "2021-12-14  06:15:59"}