<?xml version="1.0" encoding="UTF-8" standalone="yes"?>
<ns2:export xmlns="http://zakupki.gov.ru/oos/types/1" xmlns:ns6="http://zakupki.gov.ru/oos/CPtypes/1" xmlns:ns5="http://zakupki.gov.ru/oos/TPtypes/1" xmlns:ns8="http://zakupki.gov.ru/oos/EPtypes/1" xmlns:ns7="http://zakupki.gov.ru/oos/pprf615types/1" xmlns:ns9="http://zakupki.gov.ru/oos/SMTypes/1" xmlns:ns11="http://zakupki.gov.ru/oos/control99/1" xmlns:ns10="http://zakupki.gov.ru/oos/printform/1" xmlns:ns2="http://zakupki.gov.ru/oos/export/1" xmlns:ns4="http://zakupki.gov.ru/oos/base/1" xmlns:ns3="http://zakupki.gov.ru/oos/common/1">
    <ns2:contractProcedure schemeVersion="11.0">
        <id>140683329</id>
        <regNum>1344507129821000039</regNum>
        <publishDate>2021-03-31T16:40:43.160+03:00</publishDate>
        <versionNumber>0</versionNumber>
        <executions>
            <stage>
                <endDate>2021-12-31</endDate>
            </stage>
            <ordinalNumber>4</ordinalNumber>
            <finalStageExecution>false</finalStageExecution>
            <execution>
                <payDoc>
                    <sid>367442848</sid>
                    <documentName>платежное поручение</documentName>
                    <documentDate>2021-03-29</documentDate>
                    <documentNum>314001</documentNum>
                    <payDocTypeInfo>
                        <docAcceptancePayDoc>
                            <isDocAcceptancePayDoc>true</isDocAcceptancePayDoc>
                            <payDocToDocAcceptanceCompliances>
                                <docAcceptance>
                                    <sid>365135298</sid>
                                    <name>Прочие документы о приемке, не указанные выше</name>
                                    <documentDate>2021-03-12+03:00</documentDate>
                                    <documentNum>7-214</documentNum>
                                </docAcceptance>
                            </payDocToDocAcceptanceCompliances>
                        </docAcceptancePayDoc>
                    </payDocTypeInfo>
                </payDoc>
                <currency>
                    <code>RUB</code>
                    <name>Российский рубль</name>
                </currency>
                <paid>385.00</paid>
                <paidRUR>385.00</paidRUR>
                <paidVAT>0.00</paidVAT>
                <paidVATRUR>0.00</paidVATRUR>
                <improperExecutionText>Отсутствует</improperExecutionText>
            </execution>
        </executions>
        <printForm>
            <url>https://zakupki.gov.ru/epz/contract/printForm/view.html?contractProcedureId=140683329</url>
            <docRegNumber>13445071298210000390009</docRegNumber>
        </printForm>
        <currentContractStage>E</currentContractStage>
        <okpd2okved2>false</okpd2okved2>
    </ns2:contractProcedure>
</ns2:export>