<?xml version="1.0" encoding="UTF-8" standalone="yes"?>
<ns2:export xmlns="http://zakupki.gov.ru/oos/types/1" xmlns:ns6="http://zakupki.gov.ru/oos/CPtypes/1" xmlns:ns5="http://zakupki.gov.ru/oos/TPtypes/1" xmlns:ns8="http://zakupki.gov.ru/oos/EPtypes/1" xmlns:ns7="http://zakupki.gov.ru/oos/pprf615types/1" xmlns:ns9="http://zakupki.gov.ru/oos/SMTypes/1" xmlns:ns11="http://zakupki.gov.ru/oos/control99/1" xmlns:ns10="http://zakupki.gov.ru/oos/printform/1" xmlns:ns2="http://zakupki.gov.ru/oos/export/1" xmlns:ns4="http://zakupki.gov.ru/oos/base/1" xmlns:ns3="http://zakupki.gov.ru/oos/common/1">
    <ns2:contractProcedure schemeVersion="11.0">
        <id>140612643</id>
        <regNum>1344404603420000018</regNum>
        <publishDate>2021-03-30T12:30:59.559+03:00</publishDate>
        <versionNumber>1</versionNumber>
        <executions>
            <stage>
                <endDate>2020-12-31</endDate>
            </stage>
            <ordinalNumber>17</ordinalNumber>
            <finalStageExecution>true</finalStageExecution>
            <execution>
                <payDoc>
                    <sid>367245899</sid>
                    <documentName>платежное поручение</documentName>
                    <documentDate>2021-03-26</documentDate>
                    <documentNum>280223</documentNum>
                </payDoc>
                <currency>
                    <code>RUB</code>
                    <name>Российский рубль</name>
                </currency>
                <paid>2253.60</paid>
                <paidRUR>2253.60</paidRUR>
                <paidVAT>375.60</paidVAT>
                <paidVATRUR>375.60</paidVATRUR>
                <improperExecutionText>Отсутствует</improperExecutionText>
            </execution>
        </executions>
        <printForm>
            <url>https://zakupki.gov.ru/epz/contract/printForm/view.html?contractProcedureId=140612643</url>
            <docRegNumber>13444046034200000180045</docRegNumber>
        </printForm>
        <modificationReason>Не заполнено поле Исполнение по контракту/этапу контракта завершено</modificationReason>
        <currentContractStage>EC</currentContractStage>
        <okpd2okved2>false</okpd2okved2>
    </ns2:contractProcedure>
</ns2:export>