{"date": "2021-12-02 06:21:58", "message": "startup packages remove"},
{"date": "2021-12-02 06:21:58", "message": "status installedlinux-modules-extra-4.15.0-161-generic:amd64 4.15.0-161.169"},
{"date": "2021-12-02 06:22:02", "message": "remove linux-modules-extra-4.15.0-161-generic:amd64 4.15.0-161.169 <none>"},
{"date": "2021-12-02 06:22:02", "message": "status half-configuredlinux-modules-extra-4.15.0-161-generic:amd64 4.15.0-161.169"},
{"date": "2021-12-02 06:22:02", "message": "status half-installedlinux-modules-extra-4.15.0-161-generic:amd64 4.15.0-161.169"},
{"date": "2021-12-02 06:22:05", "message": "status config-fileslinux-modules-extra-4.15.0-161-generic:amd64 4.15.0-161.169"},
{"date": "2021-12-02 06:22:05", "message": "status config-fileslinux-modules-extra-4.15.0-161-generic:amd64 4.15.0-161.169"},
{"date": "2021-12-02 06:22:05", "message": "status installedlinux-image-4.15.0-161-generic:amd64 4.15.0-161.169"},
{"date": "2021-12-02 06:22:06", "message": "remove linux-image-4.15.0-161-generic:amd64 4.15.0-161.169 <none>"},
{"date": "2021-12-02 06:22:06", "message": "status half-configuredlinux-image-4.15.0-161-generic:amd64 4.15.0-161.169"},
{"date": "2021-12-02 06:22:06", "message": "status half-installedlinux-image-4.15.0-161-generic:amd64 4.15.0-161.169"},
{"date": "2021-12-02 06:22:10", "message": "status config-fileslinux-image-4.15.0-161-generic:amd64 4.15.0-161.169"},
{"date": "2021-12-02 06:22:10", "message": "status config-fileslinux-image-4.15.0-161-generic:amd64 4.15.0-161.169"},
{"date": "2021-12-02 06:22:10", "message": "startup packages configure"},
{"date": "2021-12-02 06:22:17", "message": "startup packages remove"},
{"date": "2021-12-02 06:22:17", "message": "status installedlinux-modules-4.15.0-161-generic:amd64 4.15.0-161.169"},
{"date": "2021-12-02 06:22:18", "message": "remove linux-modules-4.15.0-161-generic:amd64 4.15.0-161.169 <none>"},
{"date": "2021-12-02 06:22:18", "message": "status half-configuredlinux-modules-4.15.0-161-generic:amd64 4.15.0-161.169"},
{"date": "2021-12-02 06:22:18", "message": "status half-installedlinux-modules-4.15.0-161-generic:amd64 4.15.0-161.169"},
{"date": "2021-12-02 06:22:18", "message": "status config-fileslinux-modules-4.15.0-161-generic:amd64 4.15.0-161.169"},
{"date": "2021-12-02 06:22:18", "message": "status config-fileslinux-modules-4.15.0-161-generic:amd64 4.15.0-161.169"},
{"date": "2021-12-02 06:22:18", "message": "startup packages configure"},
{"date": "2021-12-02 06:22:25", "message": "startup packages remove"},
{"date": "2021-12-02 06:22:25", "message": "status installedlinux-headers-4.15.0-161-generic:amd64 4.15.0-161.169"},
{"date": "2021-12-02 06:22:25", "message": "remove linux-headers-4.15.0-161-generic:amd64 4.15.0-161.169 <none>"},
{"date": "2021-12-02 06:22:25", "message": "status half-configuredlinux-headers-4.15.0-161-generic:amd64 4.15.0-161.169"},
{"date": "2021-12-02 06:22:25", "message": "status half-installedlinux-headers-4.15.0-161-generic:amd64 4.15.0-161.169"},
{"date": "2021-12-02 06:22:26", "message": "status config-fileslinux-headers-4.15.0-161-generic:amd64 4.15.0-161.169"},
{"date": "2021-12-02 06:22:26", "message": "status config-fileslinux-headers-4.15.0-161-generic:amd64 4.15.0-161.169"},
{"date": "2021-12-02 06:22:26", "message": "status config-fileslinux-headers-4.15.0-161-generic:amd64 4.15.0-161.169"},
{"date": "2021-12-02 06:22:26", "message": "status not-installed linux-headers-4.15.0-161-generic:amd64 <none>"},
{"date": "2021-12-02 06:22:27", "message": "startup packages configure"},
{"date": "2021-12-02 06:22:33", "message": "startup packages remove"},
{"date": "2021-12-02 06:22:33", "message": "status installedlinux-headers-4.15.0-161:all 4.15.0-161.169"},
{"date": "2021-12-02 06:22:33", "message": "remove linux-headers-4.15.0-161:all 4.15.0-161.169 <none>"},
{"date": "2021-12-02 06:22:33", "message": "status half-configuredlinux-headers-4.15.0-161:all 4.15.0-161.169"},
{"date": "2021-12-02 06:22:33", "message": "status half-installedlinux-headers-4.15.0-161:all 4.15.0-161.169"},
{"date": "2021-12-02 06:22:35", "message": "status config-fileslinux-headers-4.15.0-161:all 4.15.0-161.169"},
{"date": "2021-12-02 06:22:35", "message": "status config-fileslinux-headers-4.15.0-161:all 4.15.0-161.169"},
{"date": "2021-12-02 06:22:35", "message": "status config-fileslinux-headers-4.15.0-161:all 4.15.0-161.169"},
{"date": "2021-12-02 06:22:35", "message": "status not-installed linux-headers-4.15.0-161:all <none>"},
{"date": "2021-12-02 06:22:35", "message": "startup packages configure"},
{"date": "2021-12-03 06:46:26", "message": "startup archives unpack"},
{"date": "2021-12-03 06:46:30", "message": "upgrade libnss3:amd64 2:3.35-2ubuntu2.12 2:3.35-2ubuntu2.13"},
{"date": "2021-12-03 06:46:30", "message": "status triggers-pending libc-bin:amd64 2.27-3ubuntu1.2"},
{"date": "2021-12-03 06:46:31", "message": "status half-configured libnss3:amd64 2:3.35-2ubuntu2.12"},
{"date": "2021-12-03 06:46:31", "message": "status unpacked libnss3:amd64 2:3.35-2ubuntu2.12"},
{"date": "2021-12-03 06:46:31", "message": "status half-installed libnss3:amd64 2:3.35-2ubuntu2.12"},
{"date": "2021-12-03 06:46:31", "message": "status half-installed libnss3:amd64 2:3.35-2ubuntu2.12"},
{"date": "2021-12-03 06:46:32", "message": "status unpacked libnss3:amd64 2:3.35-2ubuntu2.13"},
{"date": "2021-12-03 06:46:32", "message": "status unpacked libnss3:amd64 2:3.35-2ubuntu2.13"},
{"date": "2021-12-03 06:46:32", "message": "startup packages configure"},
{"date": "2021-12-03 06:46:32", "message": "configure libnss3:amd642:3.35-2ubuntu2.13 <none>"},
{"date": "2021-12-03 06:46:32", "message": "status unpacked libnss3:amd64 2:3.35-2ubuntu2.13"},
{"date": "2021-12-03 06:46:32", "message": "status half-configured libnss3:amd64 2:3.35-2ubuntu2.13"},
{"date": "2021-12-03 06:46:32", "message": "status installed libnss3:amd64 2:3.35-2ubuntu2.13"},
{"date": "2021-12-03 06:46:32", "message": "trigproc libc-bin:amd64 2.27-3ubuntu1.2 <none>"},
{"date": "2021-12-03 06:46:32", "message": "status half-configured libc-bin:amd64 2.27-3ubuntu1.2"},
{"date": "2021-12-03 06:46:33", "message": "status installed libc-bin:amd64 2.27-3ubuntu1.2"},
{"date": "2021-12-08 06:00:47", "message": "startup archives unpack"},
{"date": "2021-12-08 06:00:48", "message": "upgrade busybox-initramfs:amd64 1:1.27.2-2ubuntu3.3 1:1.27.2-2ubuntu3.4"},
{"date": "2021-12-08 06:00:48", "message": "status half-configured busybox-initramfs:amd64 1:1.27.2-2ubuntu3.3"},
{"date": "2021-12-08 06:00:48", "message": "status unpacked busybox-initramfs:amd64 1:1.27.2-2ubuntu3.3"},
{"date": "2021-12-08 06:00:48", "message": "status half-installed busybox-initramfs:amd64 1:1.27.2-2ubuntu3.3"},
{"date": "2021-12-08 06:00:49", "message": "status half-installed busybox-initramfs:amd64 1:1.27.2-2ubuntu3.3"},
{"date": "2021-12-08 06:00:49", "message": "status unpacked busybox-initramfs:amd64 1:1.27.2-2ubuntu3.4"},
{"date": "2021-12-08 06:00:50", "message": "status unpacked busybox-initramfs:amd64 1:1.27.2-2ubuntu3.4"},
{"date": "2021-12-08 06:00:50", "message": "startup packages configure"},
{"date": "2021-12-08 06:00:50", "message": "configure busybox-initramfs:amd641:1.27.2-2ubuntu3.4 <none>"},
{"date": "2021-12-08 06:00:50", "message": "status unpacked busybox-initramfs:amd64 1:1.27.2-2ubuntu3.4"},
{"date": "2021-12-08 06:00:50", "message": "status half-configured busybox-initramfs:amd64 1:1.27.2-2ubuntu3.4"},
{"date": "2021-12-08 06:00:50", "message": "status installed busybox-initramfs:amd64 1:1.27.2-2ubuntu3.4"},
{"date": "2021-12-14 06:15:48", "message": "startup archives unpack"},
{"date": "2021-12-14 06:15:49", "message": "upgrade libglib2.0-0:amd64 2.56.4-0ubuntu0.18.04.8 2.56.4-0ubuntu0.18.04.9"},
{"date": "2021-12-14 06:15:49", "message": "status triggers-pending libc-bin:amd64 2.27-3ubuntu1.2"},
{"date": "2021-12-14 06:15:49", "message": "status half-configured libglib2.0-0:amd64 2.56.4-0ubuntu0.18.04.8"},
{"date": "2021-12-14 06:15:49", "message": "status unpacked libglib2.0-0:amd64 2.56.4-0ubuntu0.18.04.8"},
{"date": "2021-12-14 06:15:49", "message": "status half-installed libglib2.0-0:amd64 2.56.4-0ubuntu0.18.04.8"},
{"date": "2021-12-14 06:15:49", "message": "status half-installed libglib2.0-0:amd64 2.56.4-0ubuntu0.18.04.8"},
{"date": "2021-12-14 06:15:50", "message": "status unpacked libglib2.0-0:amd64 2.56.4-0ubuntu0.18.04.9"},
{"date": "2021-12-14 06:15:50", "message": "status unpacked libglib2.0-0:amd64 2.56.4-0ubuntu0.18.04.9"},
{"date": "2021-12-14 06:15:50", "message": "startup packages configure"},
{"date": "2021-12-14 06:15:50", "message": "configure libglib2.0-0:amd642.56.4-0ubuntu0.18.04.9 <none>"},
{"date": "2021-12-14 06:15:50", "message": "status unpacked libglib2.0-0:amd64 2.56.4-0ubuntu0.18.04.9"},
{"date": "2021-12-14 06:15:50", "message": "status half-configured libglib2.0-0:amd64 2.56.4-0ubuntu0.18.04.9"},
{"date": "2021-12-14 06:15:50", "message": "status installed libglib2.0-0:amd64 2.56.4-0ubuntu0.18.04.9"},
{"date": "2021-12-14 06:15:50", "message": "trigproc libc-bin:amd64 2.27-3ubuntu1.2 <none>"},
{"date": "2021-12-14 06:15:50", "message": "status half-configured libc-bin:amd64 2.27-3ubuntu1.2"},
{"date": "2021-12-14 06:15:51", "message": "status installed libc-bin:amd64 2.27-3ubuntu1.2"},
{"date": "2021-12-14 06:15:58", "message": "startup archives unpack"},
{"date": "2021-12-14 06:15:58", "message": "upgrade libglib2.0-data:all 2.56.4-0ubuntu0.18.04.8 2.56.4-0ubuntu0.18.04.9"},
{"date": "2021-12-14 06:15:58", "message": "status half-configured libglib2.0-data:all 2.56.4-0ubuntu0.18.04.8"},
{"date": "2021-12-14 06:15:58", "message": "status unpacked libglib2.0-data:all 2.56.4-0ubuntu0.18.04.8"},
{"date": "2021-12-14 06:15:58", "message": "status half-installed libglib2.0-data:all 2.56.4-0ubuntu0.18.04.8"},
{"date": "2021-12-14 06:15:58", "message": "status half-installed libglib2.0-data:all 2.56.4-0ubuntu0.18.04.8"},
{"date": "2021-12-14 06:15:58", "message": "status unpacked libglib2.0-data:all 2.56.4-0ubuntu0.18.04.9"},
{"date": "2021-12-14 06:15:58", "message": "status unpacked libglib2.0-data:all 2.56.4-0ubuntu0.18.04.9"},
{"date": "2021-12-14 06:15:59", "message": "startup packages configure"},
{"date": "2021-12-14 06:15:59", "message": "configure libglib2.0-data:all2.56.4-0ubuntu0.18.04.9 <none>"},
{"date": "2021-12-14 06:15:59", "message": "status unpacked libglib2.0-data:all 2.56.4-0ubuntu0.18.04.9"},
{"date": "2021-12-14 06:15:59", "message": "status half-configured libglib2.0-data:all 2.56.4-0ubuntu0.18.04.9"},
{"date": "2021-12-14 06:15:59", "message": "status installed libglib2.0-data:all 2.56.4-0ubuntu0.18.04.9"}