{"date": "2020.09.06 16:47:38.851078", "pid": "12068", "signature": "", "message_level": "Warning", "source": "Access", "device": "disk", "message": "File /var/lib/clickhouse/access/users.list doesn't exist"},
{"date": "2020.09.06 16:47:38.851118", "pid": "12068", "signature": "", "message_level": "Warning", "source": "Access", "device": "disk", "message": "Recovering lists in directory /var/lib/clickhouse/access/"},
{"date": "2020.09.06 16:53:15.715532", "pid": "12109", "signature": "e342c0ab-20d2-4a52-bc7a-ba91a0a9c1cc", "message_level": "Error", "source": "executeQuery", "device": "", "message": "Code: 44, e.displayText() = DB::Exception: Cannot add column story_author: column with this name already exists (version 20.7.2.30 (official build)) (from 127.0.0.1:48610) (in query: CREATE TABLE default.hackernews ( id UInt64, story_text String, comment_text String, comment_author String, story_author String, story_id UInt64, comment_id UInt64, comment_ranking UInt64, author_comment_count UInt64, story_comment_count UInt64, story_time DateTime, story_author String ) ENGINE = MergeTree();), Stack trace (when copying this message, always include the lines below):\\n 0. Poco::Exception::Exception(std::__1::basic_string<char, std::__1::char_traits<char>, std::__1::allocator<char> > const&, int) @ 0x1271b990 in /usr/bin/clickhouse\\n 1. DB::Exception::Exception(std::__1::basic_string<char, std::__1::char_traits<char>, std::__1::allocator<char> > const&, int) @ 0xa3f32bd in /usr/bin/clickhouse\\n 2. ? @ 0xf92efc0 in /usr/bin/clickhouse\\n 3. DB::InterpreterCreateQuery::getColumnsDescription(DB::ASTExpressionList const&, DB::Context const&, bool) @ 0xf45106e in /usr/bin/clickhouse\\n 4. DB::InterpreterCreateQuery::setProperties(DB::ASTCreateQuery&) const @ 0xf452705 in /usr/bin/clickhouse\\n 5. DB::InterpreterCreateQuery::createTable(DB::ASTCreateQuery&) @ 0xf4543df in /usr/bin/clickhouse\\n 6. DB::InterpreterCreateQuery::execute() @ 0xf456f19 in /usr/bin/clickhouse\\n 7. ? @ 0xf81d927 in /usr/bin/clickhouse\\n 8. DB::executeQuery(std::__1::basic_string<char, std::__1::char_traits<char>, std::__1::allocator<char> > const&, DB::Context&, bool, DB::QueryProcessingStage::Enum, bool) @ 0xf81f1b5 in /usr/bin/clickhouse\\n 9. DB::TCPHandler::runImpl() @ 0xfe9a0f5 in /usr/bin/clickhouse\\n 10. DB::TCPHandler::run() @ 0xfe9ae60 in /usr/bin/clickhouse\\n 11. Poco::Net::TCPServerConnection::start() @ 0x126397bb in /usr/bin/clickhouse\\n 12. Poco::Net::TCPServerDispatcher::run() @ 0x12639c4b in /usr/bin/clickhouse\\n 13. Poco::PooledThread::run() @ 0x127b8776 in /usr/bin/clickhouse\\n 14. Poco::ThreadImpl::runnableEntry(void*) @ 0x127b3b70 in /usr/bin/clickhouse\\n 15. start_thread @ 0x76db in /lib/x86_64-linux-gnu/libpthread-2.27.so\\n 16. /build/glibc-2ORdQG/glibc-2.27/misc/../sysdeps/unix/sysv/linux/x86_64/clone.S:97: __clone @ 0x121a3f in /usr/lib/debug/lib/x86_64-linux-gnu/libc-2.27.so"},
{"date": "2020.09.06 16:53:34.003319", "pid": "12109", "signature": "40776637-b9e2-4169-a6b4-3c0167123fde", "message_level": "Error", "source": "executeQuery", "device": "", "message": "Code: 42, e.displayText() = DB::Exception: Storage MergeTree requires 3 to 4 parameters: \\n name of column with date,\\n [sampling element of primary key],\\n primary key expression,\\n index granularity\\n Syntax for the MergeTree table engine:\\n CREATE TABLE [IF NOT EXISTS] [db.]table_name [ON CLUSTER cluster]\\n (\\n     name1 [type1] [DEFAULT|MATERIALIZED|ALIAS expr1] [TTL expr1],\\n     name2 [type2] [DEFAULT|MATERIALIZED|ALIAS expr2] [TTL expr2],\\n     ...\\n     INDEX index_name1 expr1 TYPE type1(...) GRANULARITY value1,\\n     INDEX index_name2 expr2 TYPE type2(...) GRANULARITY value2\\n ) ENGINE = MergeTree()\\n ORDER BY expr\\n [PARTITION BY expr]\\n [PRIMARY KEY expr]\\n [SAMPLE BY expr]\\n [TTL expr [DELETE|TO DISK 'xxx'|TO VOLUME 'xxx'], ...]\\n [SETTINGS name=value, ...]\\n See details in documentation: https://clickhouse.tech/docs/en/engines/table-engines/mergetree-family/mergetree/. Other engines of the family support different syntax, see details in the corresponding documentation topics.\\n If you use the Replicated version of engines, see https://clickhouse.tech/docs/en/engines/table-engines/mergetree-family/replication/.\\n  (version 20.7.2.30 (official build)) (from 127.0.0.1:48610) (in query: CREATE TABLE default.hackernews ( id UInt64, story_text String, comment_text String, comment_author String, story_author String, story_id UInt64, comment_id UInt64, comment_ranking UInt64, author_comment_count UInt64, story_comment_count UInt64, story_time DateTime ) ENGINE = MergeTree();), Stack trace (when copying this message, always include the lines below):\\n 0. Poco::Exception::Exception(std::__1::basic_string<char, std::__1::char_traits<char>, std::__1::allocator<char> > const&, int) @ 0x1271b990 in /usr/bin/clickhouse\\n 1. DB::Exception::Exception(std::__1::basic_string<char, std::__1::char_traits<char>, std::__1::allocator<char> > const&, int) @ 0xa3f32bd in /usr/bin/clickhouse\\n 2. ? @ 0xfde4613 in /usr/bin/clickhouse\\n 3. std::__1::__function::__func<std::__1::shared_ptr<DB::IStorage> (*)(DB::StorageFactory::Arguments const&), std::__1::allocator<std::__1::shared_ptr<DB::IStorage> (*)(DB::StorageFactory::Arguments const&)>, std::__1::shared_ptr<DB::IStorage> (DB::StorageFactory::Arguments const&)>::operator()(DB::StorageFactory::Arguments const&) @ 0xfde4cf7 in /usr/bin/clickhouse\\n 4. DB::StorageFactory::get(DB::ASTCreateQuery const&, std::__1::basic_string<char, std::__1::char_traits<char>, std::__1::allocator<char> > const&, DB::Context&, DB::Context&, DB::ColumnsDescription const&, DB::ConstraintsDescription const&, bool) const @ 0xf9760b1 in /usr/bin/clickhouse\\n 5. DB::InterpreterCreateQuery::doCreateTable(DB::ASTCreateQuery&, DB::InterpreterCreateQuery::TableProperties const&) @ 0xf451c56 in /usr/bin/clickhouse\\n 6. DB::InterpreterCreateQuery::createTable(DB::ASTCreateQuery&) @ 0xf4543ed in /usr/bin/clickhouse\\n 7. DB::InterpreterCreateQuery::execute() @ 0xf456f19 in /usr/bin/clickhouse\\n 8. ? @ 0xf81d927 in /usr/bin/clickhouse\\n 9. DB::executeQuery(std::__1::basic_string<char, std::__1::char_traits<char>, std::__1::allocator<char> > const&, DB::Context&, bool, DB::QueryProcessingStage::Enum, bool) @ 0xf81f1b5 in /usr/bin/clickhouse\\n 10. DB::TCPHandler::runImpl() @ 0xfe9a0f5 in /usr/bin/clickhouse\\n 11. DB::TCPHandler::run() @ 0xfe9ae60 in /usr/bin/clickhouse\\n 12. Poco::Net::TCPServerConnection::start() @ 0x126397bb in /usr/bin/clickhouse\\n 13. Poco::Net::TCPServerDispatcher::run() @ 0x12639c4b in /usr/bin/clickhouse\\n 14. Poco::PooledThread::run() @ 0x127b8776 in /usr/bin/clickhouse\\n 15. Poco::ThreadImpl::runnableEntry(void*) @ 0x127b3b70 in /usr/bin/clickhouse\\n 16. start_thread @ 0x76db in /lib/x86_64-linux-gnu/libpthread-2.27.so\\n 17. /build/glibc-2ORdQG/glibc-2.27/misc/../sysdeps/unix/sysv/linux/x86_64/clone.S:97: __clone @ 0x121a3f in /usr/lib/debug/lib/x86_64-linux-gnu/libc-2.27.so"},
{"date": "2020.09.06 16:55:34.409155", "pid": "12109", "signature": "53dac558-3e95-47bc-a751-345f609fb468", "message_level": "Error", "source": "executeQuery", "device": "", "message": "Code: 36, e.displayText() = DB::Exception: You must provide an ORDER BY expression in the table definition. If you don't want this table to be sorted, use ORDER BY tuple() (version 20.7.2.30 (official build)) (from 127.0.0.1:48610) (in query: CREATE TABLE default.hackernews ( id UInt64, story_text String, comment_text String, comment_author String, story_author String, story_id UInt64, comment_id UInt64, comment_ranking UInt64, author_comment_count UInt64, story_comment_count UInt64, story_time DateTime ) ENGINE = MergeTree() PRIMARY KEY id;), Stack trace (when copying this message, always include the lines below):\\n 0. Poco::Exception::Exception(std::__1::basic_string<char, std::__1::char_traits<char>, std::__1::allocator<char> > const&, int) @ 0x1271b990 in /usr/bin/clickhouse\\n 1. DB::Exception::Exception(std::__1::basic_string<char, std::__1::char_traits<char>, std::__1::allocator<char> > const&, int) @ 0xa3f32bd in /usr/bin/clickhouse\\n 2. ? @ 0xfde410c in /usr/bin/clickhouse\\n 3. std::__1::__function::__func<std::__1::shared_ptr<DB::IStorage> (*)(DB::StorageFactory::Arguments const&), std::__1::allocator<std::__1::shared_ptr<DB::IStorage> (*)(DB::StorageFactory::Arguments const&)>, std::__1::shared_ptr<DB::IStorage> (DB::StorageFactory::Arguments const&)>::operator()(DB::StorageFactory::Arguments const&) @ 0xfde4cf7 in /usr/bin/clickhouse\\n 4. DB::StorageFactory::get(DB::ASTCreateQuery const&, std::__1::basic_string<char, std::__1::char_traits<char>, std::__1::allocator<char> > const&, DB::Context&, DB::Context&, DB::ColumnsDescription const&, DB::ConstraintsDescription const&, bool) const @ 0xf9760b1 in /usr/bin/clickhouse\\n 5. DB::InterpreterCreateQuery::doCreateTable(DB::ASTCreateQuery&, DB::InterpreterCreateQuery::TableProperties const&) @ 0xf451c56 in /usr/bin/clickhouse\\n 6. DB::InterpreterCreateQuery::createTable(DB::ASTCreateQuery&) @ 0xf4543ed in /usr/bin/clickhouse\\n 7. DB::InterpreterCreateQuery::execute() @ 0xf456f19 in /usr/bin/clickhouse\\n 8. ? @ 0xf81d927 in /usr/bin/clickhouse\\n 9. DB::executeQuery(std::__1::basic_string<char, std::__1::char_traits<char>, std::__1::allocator<char> > const&, DB::Context&, bool, DB::QueryProcessingStage::Enum, bool) @ 0xf81f1b5 in /usr/bin/clickhouse\\n 10. DB::TCPHandler::runImpl() @ 0xfe9a0f5 in /usr/bin/clickhouse\\n 11. DB::TCPHandler::run() @ 0xfe9ae60 in /usr/bin/clickhouse\\n 12. Poco::Net::TCPServerConnection::start() @ 0x126397bb in /usr/bin/clickhouse\\n 13. Poco::Net::TCPServerDispatcher::run() @ 0x12639c4b in /usr/bin/clickhouse\\n 14. Poco::PooledThread::run() @ 0x127b8776 in /usr/bin/clickhouse\\n 15. Poco::ThreadImpl::runnableEntry(void*) @ 0x127b3b70 in /usr/bin/clickhouse\\n 16. start_thread @ 0x76db in /lib/x86_64-linux-gnu/libpthread-2.27.so\\n 17. /build/glibc-2ORdQG/glibc-2.27/misc/../sysdeps/unix/sysv/linux/x86_64/clone.S:97: __clone @ 0x121a3f in /usr/lib/debug/lib/x86_64-linux-gnu/libc-2.27.so"},
{"date": "2020.09.06 17:05:21.199757", "pid": "12108", "signature": "bb160a40-6e3f-420a-8808-7a79e46d2643", "message_level": "Error", "source": "Application", "device": "", "message": "mysqlxx::ConnectionFailed"},
{"date": "2020.09.06 17:05:21.201165", "pid": "12108", "signature": "bb160a40-6e3f-420a-8808-7a79e46d2643", "message_level": "Error", "source": "executeQuery", "device": "", "message": "Code: 501, e.displayText() = DB::Exception: Cannot create MySQL database, because Poco::Exception. Code: 1000, e.code() = 2002, e.displayText() = mysqlxx::ConnectionFailed: Can't connect to local MySQL server through socket '/tmp/mysql.sock' (2) ((nullptr):0), Stack trace (when copying this message, always include the lines below):\\n 0. Poco::Exception::Exception(std::__1::basic_string<char, std::__1::char_traits<char>, std::__1::allocator<char> > const&, int) @ 0x1271b990 in /usr/bin/clickhouse\\n 1. ? @ 0x12596556 in /usr/bin/clickhouse\\n 2. mysqlxx::Pool::allocConnection(bool) @ 0x1259fb31 in /usr/bin/clickhouse\\n 3. mysqlxx::Pool::initialize() @ 0x1259fedd in /usr/bin/clickhouse\\n 4. mysqlxx::Pool::get() @ 0x125a00e8 in /usr/bin/clickhouse\\n 5. DB::DatabaseMySQL::fetchTablesWithModificationTime() const @ 0xf46df4a in /usr/bin/clickhouse\\n 6. DB::DatabaseMySQL::fetchTablesIntoLocalCache() const @ 0xf470b57 in /usr/bin/clickhouse\\n 7. DB::DatabaseMySQL::empty() const @ 0xf470c15 in /usr/bin/clickhouse\\n 8. DB::DatabaseFactory::getImpl(DB::ASTCreateQuery const&, std::__1::basic_string<char, std::__1::char_traits<char>, std::__1::allocator<char> > const&, DB::Context&) @ 0xf462839 in /usr/bin/clickhouse\\n 9. DB::DatabaseFactory::get(DB::ASTCreateQuery const&, std::__1::basic_string<char, std::__1::char_traits<char>, std::__1::allocator<char> > const&, DB::Context&) @ 0xf463052 in /usr/bin/clickhouse\\n 10. DB::InterpreterCreateQuery::createDatabase(DB::ASTCreateQuery&) @ 0xf455fc0 in /usr/bin/clickhouse\\n 11. DB::InterpreterCreateQuery::execute() @ 0xf456f5e in /usr/bin/clickhouse\\n 12. ? @ 0xf81d927 in /usr/bin/clickhouse\\n 13. DB::executeQuery(std::__1::basic_string<char, std::__1::char_traits<char>, std::__1::allocator<char> > const&, DB::Context&, bool, DB::QueryProcessingStage::Enum, bool) @ 0xf81f1b5 in /usr/bin/clickhouse\\n 14. DB::TCPHandler::runImpl() @ 0xfe9a0f5 in /usr/bin/clickhouse\\n 15. DB::TCPHandler::run() @ 0xfe9ae60 in /usr/bin/clickhouse\\n 16. Poco::Net::TCPServerConnection::start() @ 0x126397bb in /usr/bin/clickhouse\\n 17. Poco::Net::TCPServerDispatcher::run() @ 0x12639c4b in /usr/bin/clickhouse\\n 18. Poco::PooledThread::run() @ 0x127b8776 in /usr/bin/clickhouse\\n 19. Poco::ThreadImpl::runnableEntry(void*) @ 0x127b3b70 in /usr/bin/clickhouse\\n 20. start_thread @ 0x76db in /lib/x86_64-linux-gnu/libpthread-2.27.so\\n 21. /build/glibc-2ORdQG/glibc-2.27/misc/../sysdeps/unix/sysv/linux/x86_64/clone.S:97: __clone @ 0x121a3f in /usr/lib/debug/lib/x86_64-linux-gnu/libc-2.27.so\\n  (version 20.7.2.30 (official build)) (version 20.7.2.30 (official build)) (from 127.0.0.1:48618) (in query: CREATE DATABASE mysql ENGINE = MySQL('localhost:9314', 'default', '', '');), Stack trace (when copying this message, always include the lines below):\\n 0. Poco::Exception::Exception(std::__1::basic_string<char, std::__1::char_traits<char>, std::__1::allocator<char> > const&, int) @ 0x1271b990 in /usr/bin/clickhouse\\n 1. DB::Exception::Exception(std::__1::basic_string<char, std::__1::char_traits<char>, std::__1::allocator<char> > const&, int) @ 0xa3f32bd in /usr/bin/clickhouse\\n 2. ? @ 0xf4635ef in /usr/bin/clickhouse\\n 3. DB::DatabaseFactory::get(DB::ASTCreateQuery const&, std::__1::basic_string<char, std::__1::char_traits<char>, std::__1::allocator<char> > const&, DB::Context&) @ 0xf463052 in /usr/bin/clickhouse\\n 4. DB::InterpreterCreateQuery::createDatabase(DB::ASTCreateQuery&) @ 0xf455fc0 in /usr/bin/clickhouse\\n 5. DB::InterpreterCreateQuery::execute() @ 0xf456f5e in /usr/bin/clickhouse\\n 6. ? @ 0xf81d927 in /usr/bin/clickhouse\\n 7. DB::executeQuery(std::__1::basic_string<char, std::__1::char_traits<char>, std::__1::allocator<char> > const&, DB::Context&, bool, DB::QueryProcessingStage::Enum, bool) @ 0xf81f1b5 in /usr/bin/clickhouse\\n 8. DB::TCPHandler::runImpl() @ 0xfe9a0f5 in /usr/bin/clickhouse\\n 9. DB::TCPHandler::run() @ 0xfe9ae60 in /usr/bin/clickhouse\\n 10. Poco::Net::TCPServerConnection::start() @ 0x126397bb in /usr/bin/clickhouse\\n 11. Poco::Net::TCPServerDispatcher::run() @ 0x12639c4b in /usr/bin/clickhouse\\n 12. Poco::PooledThread::run() @ 0x127b8776 in /usr/bin/clickhouse\\n 13. Poco::ThreadImpl::runnableEntry(void*) @ 0x127b3b70 in /usr/bin/clickhouse\\n 14. start_thread @ 0x76db in /lib/x86_64-linux-gnu/libpthread-2.27.so\\n 15. /build/glibc-2ORdQG/glibc-2.27/misc/../sysdeps/unix/sysv/linux/x86_64/clone.S:97: __clone @ 0x121a3f in /usr/lib/debug/lib/x86_64-linux-gnu/libc-2.27.so"},
{"date": "2020.09.06 17:05:32.609372", "pid": "12108", "signature": "8cdf1376-2687-4a4a-9a49-419d847d7557", "message_level": "Error", "source": "executeQuery", "device": "", "message": "Code: 501, e.displayText() = DB::Exception: Cannot create MySQL database, because Poco::Exception. Code: 1000, e.code() = 1064, e.displayText() = mysqlxx::BadQuery: sphinxql: syntax error, unexpected SUBKEY, expecting $end near '.TABLES  WHERE TABLE_SCHEMA = 'default'' (127.0.0.1:9314), Stack trace (when copying this message, always include the lines below):\\n 0. Poco::Exception::Exception(std::__1::basic_string<char, std::__1::char_traits<char>, std::__1::allocator<char> > const&, int) @ 0x1271b990 in /usr/bin/clickhouse\\n 1. ? @ 0x12599bf3 in /usr/bin/clickhouse\\n 2. mysqlxx::Query::use() @ 0x125996a9 in /usr/bin/clickhouse\\n 3. DB::MySQLBlockInputStream::MySQLBlockInputStream(mysqlxx::Pool::Entry const&, std::__1::basic_string<char, std::__1::char_traits<char>, std::__1::allocator<char> > const&, DB::Block const&, unsigned long, bool) @ 0xfead4fa in /usr/bin/clickhouse\\n 4. DB::DatabaseMySQL::fetchTablesWithModificationTime() const @ 0xf46df75 in /usr/bin/clickhouse\\n 5. DB::DatabaseMySQL::fetchTablesIntoLocalCache() const @ 0xf470b57 in /usr/bin/clickhouse\\n 6. DB::DatabaseMySQL::empty() const @ 0xf470c15 in /usr/bin/clickhouse\\n 7. DB::DatabaseFactory::getImpl(DB::ASTCreateQuery const&, std::__1::basic_string<char, std::__1::char_traits<char>, std::__1::allocator<char> > const&, DB::Context&) @ 0xf462839 in /usr/bin/clickhouse\\n 8. DB::DatabaseFactory::get(DB::ASTCreateQuery const&, std::__1::basic_string<char, std::__1::char_traits<char>, std::__1::allocator<char> > const&, DB::Context&) @ 0xf463052 in /usr/bin/clickhouse\\n 9. DB::InterpreterCreateQuery::createDatabase(DB::ASTCreateQuery&) @ 0xf455fc0 in /usr/bin/clickhouse\\n 10. DB::InterpreterCreateQuery::execute() @ 0xf456f5e in /usr/bin/clickhouse\\n 11. ? @ 0xf81d927 in /usr/bin/clickhouse\\n 12. DB::executeQuery(std::__1::basic_string<char, std::__1::char_traits<char>, std::__1::allocator<char> > const&, DB::Context&, bool, DB::QueryProcessingStage::Enum, bool) @ 0xf81f1b5 in /usr/bin/clickhouse\\n 13. DB::TCPHandler::runImpl() @ 0xfe9a0f5 in /usr/bin/clickhouse\\n 14. DB::TCPHandler::run() @ 0xfe9ae60 in /usr/bin/clickhouse\\n 15. Poco::Net::TCPServerConnection::start() @ 0x126397bb in /usr/bin/clickhouse\\n 16. Poco::Net::TCPServerDispatcher::run() @ 0x12639c4b in /usr/bin/clickhouse\\n 17. Poco::PooledThread::run() @ 0x127b8776 in /usr/bin/clickhouse\\n 18. Poco::ThreadImpl::runnableEntry(void*) @ 0x127b3b70 in /usr/bin/clickhouse\\n 19. start_thread @ 0x76db in /lib/x86_64-linux-gnu/libpthread-2.27.so\\n 20. /build/glibc-2ORdQG/glibc-2.27/misc/../sysdeps/unix/sysv/linux/x86_64/clone.S:97: __clone @ 0x121a3f in /usr/lib/debug/lib/x86_64-linux-gnu/libc-2.27.so\\n  (version 20.7.2.30 (official build)) (version 20.7.2.30 (official build)) (from 127.0.0.1:48618) (in query: CREATE DATABASE mysql ENGINE = MySQL('127.0.0.1:9314', 'default', '', '');), Stack trace (when copying this message, always include the lines below):\\n 0. Poco::Exception::Exception(std::__1::basic_string<char, std::__1::char_traits<char>, std::__1::allocator<char> > const&, int) @ 0x1271b990 in /usr/bin/clickhouse\\n 1. DB::Exception::Exception(std::__1::basic_string<char, std::__1::char_traits<char>, std::__1::allocator<char> > const&, int) @ 0xa3f32bd in /usr/bin/clickhouse\\n 2. ? @ 0xf4635ef in /usr/bin/clickhouse\\n 3. DB::DatabaseFactory::get(DB::ASTCreateQuery const&, std::__1::basic_string<char, std::__1::char_traits<char>, std::__1::allocator<char> > const&, DB::Context&) @ 0xf463052 in /usr/bin/clickhouse\\n 4. DB::InterpreterCreateQuery::createDatabase(DB::ASTCreateQuery&) @ 0xf455fc0 in /usr/bin/clickhouse\\n 5. DB::InterpreterCreateQuery::execute() @ 0xf456f5e in /usr/bin/clickhouse\\n 6. ? @ 0xf81d927 in /usr/bin/clickhouse\\n 7. DB::executeQuery(std::__1::basic_string<char, std::__1::char_traits<char>, std::__1::allocator<char> > const&, DB::Context&, bool, DB::QueryProcessingStage::Enum, bool) @ 0xf81f1b5 in /usr/bin/clickhouse\\n 8. DB::TCPHandler::runImpl() @ 0xfe9a0f5 in /usr/bin/clickhouse\\n 9. DB::TCPHandler::run() @ 0xfe9ae60 in /usr/bin/clickhouse\\n 10. Poco::Net::TCPServerConnection::start() @ 0x126397bb in /usr/bin/clickhouse\\n 11. Poco::Net::TCPServerDispatcher::run() @ 0x12639c4b in /usr/bin/clickhouse\\n 12. Poco::PooledThread::run() @ 0x127b8776 in /usr/bin/clickhouse\\n 13. Poco::ThreadImpl::runnableEntry(void*) @ 0x127b3b70 in /usr/bin/clickhouse\\n 14. start_thread @ 0x76db in /lib/x86_64-linux-gnu/libpthread-2.27.so\\n 15. /build/glibc-2ORdQG/glibc-2.27/misc/../sysdeps/unix/sysv/linux/x86_64/clone.S:97: __clone @ 0x121a3f in /usr/lib/debug/lib/x86_64-linux-gnu/libc-2.27.so"},
{"date": "2020.09.06 17:05:55.524431", "pid": "12108", "signature": "e37c552b-5450-42c2-bc85-efd4091a9606", "message_level": "Error", "source": "executeQuery", "device": "", "message": "Code: 501, e.displayText() = DB::Exception: Cannot create MySQL database, because Poco::Exception. Code: 1000, e.code() = 1064, e.displayText() = mysqlxx::BadQuery: sphinxql: syntax error, unexpected SUBKEY, expecting $end near '.TABLES  WHERE TABLE_SCHEMA = 'default'' (127.0.0.1:9314), Stack trace (when copying this message, always include the lines below):\\n 0. Poco::Exception::Exception(std::__1::basic_string<char, std::__1::char_traits<char>, std::__1::allocator<char> > const&, int) @ 0x1271b990 in /usr/bin/clickhouse\\n 1. ? @ 0x12599bf3 in /usr/bin/clickhouse\\n 2. mysqlxx::Query::use() @ 0x125996a9 in /usr/bin/clickhouse\\n 3. DB::MySQLBlockInputStream::MySQLBlockInputStream(mysqlxx::Pool::Entry const&, std::__1::basic_string<char, std::__1::char_traits<char>, std::__1::allocator<char> > const&, DB::Block const&, unsigned long, bool) @ 0xfead4fa in /usr/bin/clickhouse\\n 4. DB::DatabaseMySQL::fetchTablesWithModificationTime() const @ 0xf46df75 in /usr/bin/clickhouse\\n 5. DB::DatabaseMySQL::fetchTablesIntoLocalCache() const @ 0xf470b57 in /usr/bin/clickhouse\\n 6. DB::DatabaseMySQL::empty() const @ 0xf470c15 in /usr/bin/clickhouse\\n 7. DB::DatabaseFactory::getImpl(DB::ASTCreateQuery const&, std::__1::basic_string<char, std::__1::char_traits<char>, std::__1::allocator<char> > const&, DB::Context&) @ 0xf462839 in /usr/bin/clickhouse\\n 8. DB::DatabaseFactory::get(DB::ASTCreateQuery const&, std::__1::basic_string<char, std::__1::char_traits<char>, std::__1::allocator<char> > const&, DB::Context&) @ 0xf463052 in /usr/bin/clickhouse\\n 9. DB::InterpreterCreateQuery::createDatabase(DB::ASTCreateQuery&) @ 0xf455fc0 in /usr/bin/clickhouse\\n 10. DB::InterpreterCreateQuery::execute() @ 0xf456f5e in /usr/bin/clickhouse\\n 11. ? @ 0xf81d927 in /usr/bin/clickhouse\\n 12. DB::executeQuery(std::__1::basic_string<char, std::__1::char_traits<char>, std::__1::allocator<char> > const&, DB::Context&, bool, DB::QueryProcessingStage::Enum, bool) @ 0xf81f1b5 in /usr/bin/clickhouse\\n 13. DB::TCPHandler::runImpl() @ 0xfe9a0f5 in /usr/bin/clickhouse\\n 14. DB::TCPHandler::run() @ 0xfe9ae60 in /usr/bin/clickhouse\\n 15. Poco::Net::TCPServerConnection::start() @ 0x126397bb in /usr/bin/clickhouse\\n 16. Poco::Net::TCPServerDispatcher::run() @ 0x12639c4b in /usr/bin/clickhouse\\n 17. Poco::PooledThread::run() @ 0x127b8776 in /usr/bin/clickhouse\\n 18. Poco::ThreadImpl::runnableEntry(void*) @ 0x127b3b70 in /usr/bin/clickhouse\\n 19. start_thread @ 0x76db in /lib/x86_64-linux-gnu/libpthread-2.27.so\\n 20. /build/glibc-2ORdQG/glibc-2.27/misc/../sysdeps/unix/sysv/linux/x86_64/clone.S:97: __clone @ 0x121a3f in /usr/lib/debug/lib/x86_64-linux-gnu/libc-2.27.so\\n  (version 20.7.2.30 (official build)) (version 20.7.2.30 (official build)) (from 127.0.0.1:48618) (in query: CREATE DATABASE mysql ENGINE = MySQL('127.0.0.1:9314', 'default', 'hackernews', '');), Stack trace (when copying this message, always include the lines below):\\n 0. Poco::Exception::Exception(std::__1::basic_string<char, std::__1::char_traits<char>, std::__1::allocator<char> > const&, int) @ 0x1271b990 in /usr/bin/clickhouse\\n 1. DB::Exception::Exception(std::__1::basic_string<char, std::__1::char_traits<char>, std::__1::allocator<char> > const&, int) @ 0xa3f32bd in /usr/bin/clickhouse\\n 2. ? @ 0xf4635ef in /usr/bin/clickhouse\\n 3. DB::DatabaseFactory::get(DB::ASTCreateQuery const&, std::__1::basic_string<char, std::__1::char_traits<char>, std::__1::allocator<char> > const&, DB::Context&) @ 0xf463052 in /usr/bin/clickhouse\\n 4. DB::InterpreterCreateQuery::createDatabase(DB::ASTCreateQuery&) @ 0xf455fc0 in /usr/bin/clickhouse\\n 5. DB::InterpreterCreateQuery::execute() @ 0xf456f5e in /usr/bin/clickhouse\\n 6. ? @ 0xf81d927 in /usr/bin/clickhouse\\n 7. DB::executeQuery(std::__1::basic_string<char, std::__1::char_traits<char>, std::__1::allocator<char> > const&, DB::Context&, bool, DB::QueryProcessingStage::Enum, bool) @ 0xf81f1b5 in /usr/bin/clickhouse\\n 8. DB::TCPHandler::runImpl() @ 0xfe9a0f5 in /usr/bin/clickhouse\\n 9. DB::TCPHandler::run() @ 0xfe9ae60 in /usr/bin/clickhouse\\n 10. Poco::Net::TCPServerConnection::start() @ 0x126397bb in /usr/bin/clickhouse\\n 11. Poco::Net::TCPServerDispatcher::run() @ 0x12639c4b in /usr/bin/clickhouse\\n 12. Poco::PooledThread::run() @ 0x127b8776 in /usr/bin/clickhouse\\n 13. Poco::ThreadImpl::runnableEntry(void*) @ 0x127b3b70 in /usr/bin/clickhouse\\n 14. start_thread @ 0x76db in /lib/x86_64-linux-gnu/libpthread-2.27.so\\n 15. /build/glibc-2ORdQG/glibc-2.27/misc/../sysdeps/unix/sysv/linux/x86_64/clone.S:97: __clone @ 0x121a3f in /usr/lib/debug/lib/x86_64-linux-gnu/libc-2.27.so"},
{"date": "2020.09.07 03:59:46.780916", "pid": "12122", "signature": "", "message_level": "Error", "source": "ConfigReloader", "device": "", "message": "Error updating configuration from '/etc/clickhouse-server/config.xml' config.: Code: 137, e.displayText() = DB::Exception: A setting 'max_threads' appeared at top level in config /etc/clickhouse-server/config.xml. But it is user-level setting that should be located in users.xml inside <profiles> section for specific profile. You can add it to <profiles><default> if you want to change default value of this setting. You can also disable the check - specify <skip_check_for_incorrect_settings>1</skip_check_for_incorrect_settings> in the main configuration file., Stack trace (when copying this message, always include the lines below):\\n 0. Poco::Exception::Exception(std::__1::basic_string<char, std::__1::char_traits<char>, std::__1::allocator<char> > const&, int) @ 0x1271b990 in /usr/bin/clickhouse\\n 1. DB::Exception::Exception(std::__1::basic_string<char, std::__1::char_traits<char>, std::__1::allocator<char> > const&, int) @ 0xa3f32bd in /usr/bin/clickhouse\\n 2. ? @ 0xa4594d9 in /usr/bin/clickhouse\\n 3. ? @ 0xa44c923 in /usr/bin/clickhouse\\n 4. DB::ConfigReloader::reloadIfNewer(bool, bool, bool) @ 0x102325b6 in /usr/bin/clickhouse\\n 5. DB::ConfigReloader::run() @ 0x1023548f in /usr/bin/clickhouse\\n 6. ThreadFromGlobalPool::ThreadFromGlobalPool<void (DB::ConfigReloader::*)(), DB::ConfigReloader*>(void (DB::ConfigReloader::*&&)(), DB::ConfigReloader*&&)::'lambda'()::operator()() const @ 0x10235f97 in /usr/bin/clickhouse\\n 7. ThreadPoolImpl<std::__1::thread>::worker(std::__1::__list_iterator<std::__1::thread, void*>) @ 0xa420a67 in /usr/bin/clickhouse\\n 8. ? @ 0xa41f0a3 in /usr/bin/clickhouse\\n 9. start_thread @ 0x76db in /lib/x86_64-linux-gnu/libpthread-2.27.so\\n 10. /build/glibc-2ORdQG/glibc-2.27/misc/../sysdeps/unix/sysv/linux/x86_64/clone.S:97: __clone @ 0x121a3f in /usr/lib/debug/lib/x86_64-linux-gnu/libc-2.27.so\\n  (version 20.7.2.30 (official build))"},
{"date": "2020.09.07 04:00:05.057560", "pid": "25079", "signature": "", "message_level": "Error", "source": "Application", "device": "", "message": "DB::Exception: A setting 'max_threads' appeared at top level in config /etc/clickhouse-server/config.xml. But it is user-level setting that should be located in users.xml inside <profiles> section for specific profile. You can add it to <profiles><default> if you want to change default value of this setting. You can also disable the check - specify <skip_check_for_incorrect_settings>1</skip_check_for_incorrect_settings> in the main configuration file."},
{"date": "2020.09.07 04:00:35.269365", "pid": "25108", "signature": "", "message_level": "Error", "source": "Application", "device": "", "message": "DB::Exception: A setting 'max_threads' appeared at top level in config /etc/clickhouse-server/config.xml. But it is user-level setting that should be located in users.xml inside <profiles> section for specific profile. You can add it to <profiles><default> if you want to change default value of this setting. You can also disable the check - specify <skip_check_for_incorrect_settings>1</skip_check_for_incorrect_settings> in the main configuration file."},
{"date": "2020.09.07 04:01:05.512437", "pid": "25167", "signature": "", "message_level": "Error", "source": "Application", "device": "", "message": "DB::Exception: A setting 'max_threads' appeared at top level in config /etc/clickhouse-server/config.xml. But it is user-level setting that should be located in users.xml inside <profiles> section for specific profile. You can add it to <profiles><default> if you want to change default value of this setting. You can also disable the check - specify <skip_check_for_incorrect_settings>1</skip_check_for_incorrect_settings> in the main configuration file."},
{"date": "2020.09.14 07:58:53.668979", "pid": "1470", "signature": "1bbeb31e-2a80-4bb6-8169-34b52e803018", "message_level": "Error", "source": "executeQuery", "device": "", "message": "Code: 42, e.displayText() = DB::Exception: Number of arguments for function match doesn't match: passed 1, should be 2 (version 20.7.2.30 (official build)) (from 127.0.0.1:52954) (in query: select count(*) from hackernews where match('error') and comment_ranking = 100;), Stack trace (when copying this message, always include the lines below):\\n 0. Poco::Exception::Exception(std::__1::basic_string<char, std::__1::char_traits<char>, std::__1::allocator<char> > const&, int) @ 0x1271b990 in /usr/bin/clickhouse\\n 1. DB::Exception::Exception(std::__1::basic_string<char, std::__1::char_traits<char>, std::__1::allocator<char> > const&, int) @ 0xa3f32bd in /usr/bin/clickhouse\\n 2. ? @ 0xb1469e8 in /usr/bin/clickhouse\\n 3. DB::FunctionOverloadResolverAdaptor::getReturnTypeWithoutLowCardinality(std::__1::vector<DB::ColumnWithTypeAndName, std::__1::allocator<DB::ColumnWithTypeAndName> > const&) const @ 0xb143f22 in /usr/bin/clickhouse\\n 4. DB::FunctionOverloadResolverAdaptor::getReturnType(std::__1::vector<DB::ColumnWithTypeAndName, std::__1::allocator<DB::ColumnWithTypeAndName> > const&) const @ 0xb144345 in /usr/bin/clickhouse\\n 5. DB::ExpressionActions::addImpl(DB::ExpressionAction, std::__1::vector<std::__1::basic_string<char, std::__1::char_traits<char>, std::__1::allocator<char> >, std::__1::allocator<std::__1::basic_string<char, std::__1::char_traits<char>, std::__1::allocator<char> > > >&) @ 0xf4d20ec in /usr/bin/clickhouse\\n 6. DB::ExpressionActions::add(DB::ExpressionAction const&, std::__1::vector<std::__1::basic_string<char, std::__1::char_traits<char>, std::__1::allocator<char> >, std::__1::allocator<std::__1::basic_string<char, std::__1::char_traits<char>, std::__1::allocator<char> > > >&) @ 0xf4d238d in /usr/bin/clickhouse\\n 7. DB::ScopeStack::addAction(DB::ExpressionAction const&) @ 0xf56f16d in /usr/bin/clickhouse\\n 8. DB::ActionsMatcher::visit(DB::ASTFunction const&, std::__1::shared_ptr<DB::IAST> const&, DB::ActionsMatcher::Data&) @ 0xf57a2db in /usr/bin/clickhouse\\n 9. DB::ActionsMatcher::visit(DB::ASTFunction const&, std::__1::shared_ptr<DB::IAST> const&, DB::ActionsMatcher::Data&) @ 0xf578ce3 in /usr/bin/clickhouse\\n 10. DB::InDepthNodeVisitor<DB::ActionsMatcher, true, std::__1::shared_ptr<DB::IAST> const>::visit(std::__1::shared_ptr<DB::IAST> const&) @ 0xf56353b in /usr/bin/clickhouse\\n 11. DB::ExpressionAnalyzer::getRootActions(std::__1::shared_ptr<DB::IAST> const&, bool, std::__1::shared_ptr<DB::ExpressionActions>&, bool) @ 0xf554533 in /usr/bin/clickhouse\\n 12. DB::ExpressionAnalyzer::getConstActions() @ 0xf554754 in /usr/bin/clickhouse\\n 13. DB::KeyCondition::getBlockWithConstants(std::__1::shared_ptr<DB::IAST> const&, std::__1::shared_ptr<DB::TreeRewriterResult const> const&, DB::Context const&) @ 0xfbb2097 in /usr/bin/clickhouse\\n 14. DB::MergeTreeWhereOptimizer::MergeTreeWhereOptimizer(DB::SelectQueryInfo&, DB::Context const&, DB::MergeTreeData const&, std::__1::shared_ptr<DB::StorageInMemoryMetadata const> const&, std::__1::vector<std::__1::basic_string<char, std::__1::char_traits<char>, std::__1::allocator<char> >, std::__1::allocator<std::__1::basic_string<char, std::__1::char_traits<char>, std::__1::allocator<char> > > > const&, Poco::Logger*) @ 0xfd58c2d in /usr/bin/clickhouse\\n 15. ? @ 0xf51fd3d in /usr/bin/clickhouse\\n 16. DB::InterpreterSelectQuery::InterpreterSelectQuery(std::__1::shared_ptr<DB::IAST> const&, DB::Context const&, std::__1::shared_ptr<DB::IBlockInputStream> const&, std::__1::optional<DB::Pipe>, std::__1::shared_ptr<DB::IStorage> const&, DB::SelectQueryOptions const&, std::__1::vector<std::__1::basic_string<char, std::__1::char_traits<char>, std::__1::allocator<char> >, std::__1::allocator<std::__1::basic_string<char, std::__1::char_traits<char>, std::__1::allocator<char> > > > const&, std::__1::shared_ptr<DB::StorageInMemoryMetadata const> const&) @ 0xf527114 in /usr/bin/clickhouse\\n 17. DB::InterpreterSelectQuery::InterpreterSelectQuery(std::__1::shared_ptr<DB::IAST> const&, DB::Context const&, DB::SelectQueryOptions const&, std::__1::vector<std::__1::basic_string<char, std::__1::char_traits<char>, std::__1::allocator<char> >, std::__1::allocator<std::__1::basic_string<char, std::__1::char_traits<char>, std::__1::allocator<char> > > > const&) @ 0xf528a79 in /usr/bin/clickhouse\\n 18. DB::InterpreterSelectWithUnionQuery::InterpreterSelectWithUnionQuery(std::__1::shared_ptr<DB::IAST> const&, DB::Context const&, DB::SelectQueryOptions const&, std::__1::vector<std::__1::basic_string<char, std::__1::char_traits<char>, std::__1::allocator<char> >, std::__1::allocator<std::__1::basic_string<char, std::__1::char_traits<char>, std::__1::allocator<char> > > > const&) @ 0xf69fc27 in /usr/bin/clickhouse\\n 19. DB::InterpreterFactory::get(std::__1::shared_ptr<DB::IAST>&, DB::Context&, DB::QueryProcessingStage::Enum) @ 0xf49267f in /usr/bin/clickhouse\\n 20. ? @ 0xf81d7a8 in /usr/bin/clickhouse\\n 21. DB::executeQuery(std::__1::basic_string<char, std::__1::char_traits<char>, std::__1::allocator<char> > const&, DB::Context&, bool, DB::QueryProcessingStage::Enum, bool) @ 0xf81f1b5 in /usr/bin/clickhouse\\n 22. DB::TCPHandler::runImpl() @ 0xfe9a0f5 in /usr/bin/clickhouse\\n 23. DB::TCPHandler::run() @ 0xfe9ae60 in /usr/bin/clickhouse\\n 24. Poco::Net::TCPServerConnection::start() @ 0x126397bb in /usr/bin/clickhouse\\n 25. Poco::Net::TCPServerDispatcher::run() @ 0x12639c4b in /usr/bin/clickhouse\\n 26. Poco::PooledThread::run() @ 0x127b8776 in /usr/bin/clickhouse\\n 27. Poco::ThreadImpl::runnableEntry(void*) @ 0x127b3b70 in /usr/bin/clickhouse\\n 28. start_thread @ 0x76db in /lib/x86_64-linux-gnu/libpthread-2.27.so\\n 29. /build/glibc-2ORdQG/glibc-2.27/misc/../sysdeps/unix/sysv/linux/x86_64/clone.S:97: __clone @ 0x121a3f in /usr/lib/debug/lib/x86_64-linux-gnu/libc-2.27.so"},
{"date": "2020.09.14 08:28:39.360941", "pid": "1470", "signature": "13be2f19-2892-411d-b05f-6d52dc6ea9ae", "message_level": "Error", "source": "executeQuery", "device": "", "message": "Code: 42, e.displayText() = DB::Exception: Number of arguments for function match doesn't match: passed 1, should be 2 (version 20.7.2.30 (official build)) (from 127.0.0.1:53024) (in query: select count(*) from hackernews where match('error') and comment_ranking = 100;), Stack trace (when copying this message, always include the lines below):\\n 0. Poco::Exception::Exception(std::__1::basic_string<char, std::__1::char_traits<char>, std::__1::allocator<char> > const&, int) @ 0x1271b990 in /usr/bin/clickhouse\\n 1. DB::Exception::Exception(std::__1::basic_string<char, std::__1::char_traits<char>, std::__1::allocator<char> > const&, int) @ 0xa3f32bd in /usr/bin/clickhouse\\n 2. ? @ 0xb1469e8 in /usr/bin/clickhouse\\n 3. DB::FunctionOverloadResolverAdaptor::getReturnTypeWithoutLowCardinality(std::__1::vector<DB::ColumnWithTypeAndName, std::__1::allocator<DB::ColumnWithTypeAndName> > const&) const @ 0xb143f22 in /usr/bin/clickhouse\\n 4. DB::FunctionOverloadResolverAdaptor::getReturnType(std::__1::vector<DB::ColumnWithTypeAndName, std::__1::allocator<DB::ColumnWithTypeAndName> > const&) const @ 0xb144345 in /usr/bin/clickhouse\\n 5. DB::ExpressionActions::addImpl(DB::ExpressionAction, std::__1::vector<std::__1::basic_string<char, std::__1::char_traits<char>, std::__1::allocator<char> >, std::__1::allocator<std::__1::basic_string<char, std::__1::char_traits<char>, std::__1::allocator<char> > > >&) @ 0xf4d20ec in /usr/bin/clickhouse\\n 6. DB::ExpressionActions::add(DB::ExpressionAction const&, std::__1::vector<std::__1::basic_string<char, std::__1::char_traits<char>, std::__1::allocator<char> >, std::__1::allocator<std::__1::basic_string<char, std::__1::char_traits<char>, std::__1::allocator<char> > > >&) @ 0xf4d238d in /usr/bin/clickhouse\\n 7. DB::ScopeStack::addAction(DB::ExpressionAction const&) @ 0xf56f16d in /usr/bin/clickhouse\\n 8. DB::ActionsMatcher::visit(DB::ASTFunction const&, std::__1::shared_ptr<DB::IAST> const&, DB::ActionsMatcher::Data&) @ 0xf57a2db in /usr/bin/clickhouse\\n 9. DB::ActionsMatcher::visit(DB::ASTFunction const&, std::__1::shared_ptr<DB::IAST> const&, DB::ActionsMatcher::Data&) @ 0xf578ce3 in /usr/bin/clickhouse\\n 10. DB::InDepthNodeVisitor<DB::ActionsMatcher, true, std::__1::shared_ptr<DB::IAST> const>::visit(std::__1::shared_ptr<DB::IAST> const&) @ 0xf56353b in /usr/bin/clickhouse\\n 11. DB::ExpressionAnalyzer::getRootActions(std::__1::shared_ptr<DB::IAST> const&, bool, std::__1::shared_ptr<DB::ExpressionActions>&, bool) @ 0xf554533 in /usr/bin/clickhouse\\n 12. DB::ExpressionAnalyzer::getConstActions() @ 0xf554754 in /usr/bin/clickhouse\\n 13. DB::KeyCondition::getBlockWithConstants(std::__1::shared_ptr<DB::IAST> const&, std::__1::shared_ptr<DB::TreeRewriterResult const> const&, DB::Context const&) @ 0xfbb2097 in /usr/bin/clickhouse\\n 14. DB::MergeTreeWhereOptimizer::MergeTreeWhereOptimizer(DB::SelectQueryInfo&, DB::Context const&, DB::MergeTreeData const&, std::__1::shared_ptr<DB::StorageInMemoryMetadata const> const&, std::__1::vector<std::__1::basic_string<char, std::__1::char_traits<char>, std::__1::allocator<char> >, std::__1::allocator<std::__1::basic_string<char, std::__1::char_traits<char>, std::__1::allocator<char> > > > const&, Poco::Logger*) @ 0xfd58c2d in /usr/bin/clickhouse\\n 15. ? @ 0xf51fd3d in /usr/bin/clickhouse\\n 16. DB::InterpreterSelectQuery::InterpreterSelectQuery(std::__1::shared_ptr<DB::IAST> const&, DB::Context const&, std::__1::shared_ptr<DB::IBlockInputStream> const&, std::__1::optional<DB::Pipe>, std::__1::shared_ptr<DB::IStorage> const&, DB::SelectQueryOptions const&, std::__1::vector<std::__1::basic_string<char, std::__1::char_traits<char>, std::__1::allocator<char> >, std::__1::allocator<std::__1::basic_string<char, std::__1::char_traits<char>, std::__1::allocator<char> > > > const&, std::__1::shared_ptr<DB::StorageInMemoryMetadata const> const&) @ 0xf527114 in /usr/bin/clickhouse\\n 17. DB::InterpreterSelectQuery::InterpreterSelectQuery(std::__1::shared_ptr<DB::IAST> const&, DB::Context const&, DB::SelectQueryOptions const&, std::__1::vector<std::__1::basic_string<char, std::__1::char_traits<char>, std::__1::allocator<char> >, std::__1::allocator<std::__1::basic_string<char, std::__1::char_traits<char>, std::__1::allocator<char> > > > const&) @ 0xf528a79 in /usr/bin/clickhouse\\n 18. DB::InterpreterSelectWithUnionQuery::InterpreterSelectWithUnionQuery(std::__1::shared_ptr<DB::IAST> const&, DB::Context const&, DB::SelectQueryOptions const&, std::__1::vector<std::__1::basic_string<char, std::__1::char_traits<char>, std::__1::allocator<char> >, std::__1::allocator<std::__1::basic_string<char, std::__1::char_traits<char>, std::__1::allocator<char> > > > const&) @ 0xf69fc27 in /usr/bin/clickhouse\\n 19. DB::InterpreterFactory::get(std::__1::shared_ptr<DB::IAST>&, DB::Context&, DB::QueryProcessingStage::Enum) @ 0xf49267f in /usr/bin/clickhouse\\n 20. ? @ 0xf81d7a8 in /usr/bin/clickhouse\\n 21. DB::executeQuery(std::__1::basic_string<char, std::__1::char_traits<char>, std::__1::allocator<char> > const&, DB::Context&, bool, DB::QueryProcessingStage::Enum, bool) @ 0xf81f1b5 in /usr/bin/clickhouse\\n 22. DB::TCPHandler::runImpl() @ 0xfe9a0f5 in /usr/bin/clickhouse\\n 23. DB::TCPHandler::run() @ 0xfe9ae60 in /usr/bin/clickhouse\\n 24. Poco::Net::TCPServerConnection::start() @ 0x126397bb in /usr/bin/clickhouse\\n 25. Poco::Net::TCPServerDispatcher::run() @ 0x12639c4b in /usr/bin/clickhouse\\n 26. Poco::PooledThread::run() @ 0x127b8776 in /usr/bin/clickhouse\\n 27. Poco::ThreadImpl::runnableEntry(void*) @ 0x127b3b70 in /usr/bin/clickhouse\\n 28. start_thread @ 0x76db in /lib/x86_64-linux-gnu/libpthread-2.27.so\\n 29. /build/glibc-2ORdQG/glibc-2.27/misc/../sysdeps/unix/sysv/linux/x86_64/clone.S:97: __clone @ 0x121a3f in /usr/lib/debug/lib/x86_64-linux-gnu/libc-2.27.so"}