{"date": "2020-09-15T01:30:00,001", "message_type": "INFO", "flag_1": "o", "flag_2": "e", "flag_3": "x", "from": "m.MlDailyMaintenanceService", "machine": "bench", "device": "", "pid": "", "message": "triggering scheduled [ML] maintenance tasks"},
{"date": "2020-09-15T01:30:00,060", "message_type": "INFO", "flag_1": "o", "flag_2": "e", "flag_3": "x", "from": "m.a.TransportDeleteExpiredDataAction", "machine": "bench", "device": "", "pid": "", "message": "Deleting expired data"},
{"date": "2020-09-15T01:30:00,072", "message_type": "INFO", "flag_1": "o", "flag_2": "e", "flag_3": "x", "from": "m.a.TransportDeleteExpiredDataAction", "machine": "bench", "device": "", "pid": "", "message": "Completed deletion of expired ML data"},
{"date": "2020-09-15T01:30:00,073", "message_type": "INFO", "flag_1": "o", "flag_2": "e", "flag_3": "x", "from": "m.MlDailyMaintenanceService", "machine": "bench", "device": "", "pid": "", "message": "Successfully completed [ML] maintenance tasks"},
{"date": "2020-09-15T03:30:00,002", "message_type": "INFO", "flag_1": "o", "flag_2": "e", "flag_3": "x", "from": "s.SnapshotRetentionTask", "machine": "bench", "device": "", "pid": "", "message": "starting SLM retention snapshot cleanup task"},
{"date": "2020-09-15T03:30:00,003", "message_type": "INFO", "flag_1": "o", "flag_2": "e", "flag_3": "x", "from": "s.SnapshotRetentionTask", "machine": "bench", "device": "", "pid": "", "message": "there are no repositories to fetch, SLM retention snapshot cleanup task complete"},
{"date": "2020-09-15T05:12:34,060", "message_type": "INFO", "flag_1": "o", "flag_2": "e", "flag_3": "n", "from": "Node", "machine": "bench", "device": "", "pid": "", "message": "stopping ..."},
{"date": "2020-09-15T05:12:34,115", "message_type": "INFO", "flag_1": "o", "flag_2": "e", "flag_3": "x", "from": "w.WatcherService", "machine": "bench", "device": "", "pid": "", "message": "stopping watch service, reason [shutdown initiated]"},
{"date": "2020-09-15T05:12:34,116", "message_type": "INFO", "flag_1": "o", "flag_2": "e", "flag_3": "x", "from": "w.WatcherLifeCycleService", "machine": "bench", "device": "", "pid": "", "message": "watcher has stopped and shutdown"},
{"date": "2020-09-15T05:12:34,251", "message_type": "INFO", "flag_1": "o", "flag_2": "e", "flag_3": "n", "from": "Node", "machine": "bench", "device": "", "pid": "", "message": "stopped"},
{"date": "2020-09-15T05:12:34,251", "message_type": "INFO", "flag_1": "o", "flag_2": "e", "flag_3": "n", "from": "Node", "machine": "bench", "device": "", "pid": "", "message": "closing ..."},
{"date": "2020-09-15T05:12:34,290", "message_type": "INFO", "flag_1": "o", "flag_2": "e", "flag_3": "x", "from": "m.p.l.CppLogMessageHandler", "machine": "bench", "device": "controller", "pid": "16220", "message": "[Main.cc@154] ML controller exiting"},
{"date": "2020-09-15T05:12:34,336", "message_type": "INFO", "flag_1": "o", "flag_2": "e", "flag_3": "x", "from": "m.p.NativeController", "machine": "bench", "device": "", "pid": "", "message": "Native controller process has stopped - no new native processes can be started"},
{"date": "2020-09-15T05:12:34,353", "message_type": "INFO", "flag_1": "o", "flag_2": "e", "flag_3": "n", "from": "Node", "machine": "bench", "device": "", "pid": "", "message": "closed"}