{"date": "2020-09-07T12:35:24,173", "message_type": "WARN", "flag_1": "o", "flag_2": "e", "flag_3": "d", "flag_4": "a", "flag_5": "b", "from": "BulkRequestParser", "machine": "bench", "category": "types removal", "message": "Specifying types in bulk requests is deprecated."},
{"date": "2020-09-09T10:59:23,909", "message_type": "WARN", "flag_1": "o", "flag_2": "e", "flag_3": "d", "flag_4": "c", "flag_5": "s", "from": "Settings", "machine": "bench", "category": "processors", "message": "setting was deprecated in Elasticsearch and will be removed in a future release! See the breaking changes documentation for the next major version."},
{"date": "2020-09-10T17:55:52,179", "message_type": "WARN", "flag_1": "o", "flag_2": "e", "flag_3": "d", "flag_4": "c", "flag_5": "s", "from": "Settings", "machine": "bench", "category": "processors", "message": "setting was deprecated in Elasticsearch and will be removed in a future release! See the breaking changes documentation for the next major version."},
{"date": "2020-09-10T18:01:29,589", "message_type": "WARN", "flag_1": "o", "flag_2": "e", "flag_3": "d", "flag_4": "c", "flag_5": "s", "from": "Settings", "machine": "bench", "category": "processors", "message": "setting was deprecated in Elasticsearch and will be removed in a future release! See the breaking changes documentation for the next major version."},
{"date": "2020-09-10T18:26:07,855", "message_type": "WARN", "flag_1": "o", "flag_2": "e", "flag_3": "d", "flag_4": "c", "flag_5": "s", "from": "Settings", "machine": "bench", "category": "processors", "message": "setting was deprecated in Elasticsearch and will be removed in a future release! See the breaking changes documentation for the next major version."},
{"date": "2020-09-10T18:30:21,840", "message_type": "WARN", "flag_1": "o", "flag_2": "e", "flag_3": "d", "flag_4": "a", "flag_5": "b", "from": "BulkRequestParser", "machine": "bench", "category": "types removal", "message": "Specifying types in bulk requests is deprecated."},
{"date": "2020-09-10T18:56:01,833", "message_type": "WARN", "flag_1": "o", "flag_2": "e", "flag_3": "d", "flag_4": "a", "flag_5": "a", "from": "i.t.p.PutIndexTemplateRequest", "machine": "bench", "category": "", "message": "Deprecated field [template] used, replaced by [index_patterns]"},
{"date": "2020-09-11T08:02:28,527", "message_type": "WARN", "flag_1": "o", "flag_2": "e", "flag_3": "d", "flag_4": "c", "flag_5": "s", "from": "Settings", "machine": "bench", "category": "processors", "message": "setting was deprecated in Elasticsearch and will be removed in a future release! See the breaking changes documentation for the next major version."},
{"date": "2020-09-11T08:07:43,790", "message_type": "WARN", "flag_1": "o", "flag_2": "e", "flag_3": "d", "flag_4": "a", "flag_5": "b", "from": "BulkRequestParser", "machine": "bench", "category": "types removal", "message": "Specifying types in bulk requests is deprecated."},
{"date": "2020-09-11T09:05:26,235", "message_type": "WARN", "flag_1": "o", "flag_2": "e", "flag_3": "d", "flag_4": "a", "flag_5": "b", "from": "BulkRequestParser", "machine": "bench", "category": "types removal", "message": "Specifying types in bulk requests is deprecated."},
{"date": "2020-09-11T11:34:07,478", "message_type": "WARN", "flag_1": "o", "flag_2": "e", "flag_3": "d", "flag_4": "a", "flag_5": "b", "from": "BulkRequestParser", "machine": "bench", "category": "types removal", "message": "Specifying types in bulk requests is deprecated."}