{"Log started": "2021-12-02  06:21:57", "Log content": "(Reading database ... \\n (Reading database ... 5%\\n (Reading database ... 10%\\n (Reading database ... 15%\\n (Reading database ... 20%\\n (Reading database ... 25%\\n (Reading database ... 30%\\n (Reading database ... 35%\\n (Reading database ... 40%\\n (Reading database ... 45%\\n (Reading database ... 50%\\n (Reading database ... 55%\\n (Reading database ... 60%\\n (Reading database ... 65%\\n (Reading database ... 70%\\n (Reading database ... 75%\\n (Reading database ... 80%\\n (Reading database ... 85%\\n (Reading database ... 90%\\n (Reading database ... 95%\\n (Reading database ... 100%\\n (Reading database ... 218738 files and directories currently installed.)\\n Removing linux-modules-extra-4.15.0-161-generic (4.15.0-161.169) ...\\n Removing linux-image-4.15.0-161-generic (4.15.0-161.169) ...\\n /etc/kernel/postrm.d/initramfs-tools:\\n update-initramfs: Deleting /boot/initrd.img-4.15.0-161-generic\\n /etc/kernel/postrm.d/zz-update-grub:\\n Sourcing file `/etc/default/grub'\\n Generating grub configuration file ...\\n Found linux image: /boot/vmlinuz-4.15.0-163-generic\\n Found initrd image: /boot/initrd.img-4.15.0-163-generic\\n Found linux image: /boot/vmlinuz-4.15.0-162-generic\\n Found initrd image: /boot/initrd.img-4.15.0-162-generic\\n Found linux image: /boot/vmlinuz-4.15.0-159-generic\\n Found initrd image: /boot/initrd.img-4.15.0-159-generic\\n done", "Log ended": "2021-12-02  06:22:10"},
{"Log started": "2021-12-02  06:22:17", "Log content": "(Reading database ... \\n (Reading database ... 5%\\n (Reading database ... 10%\\n (Reading database ... 15%\\n (Reading database ... 20%\\n (Reading database ... 25%\\n (Reading database ... 30%\\n (Reading database ... 35%\\n (Reading database ... 40%\\n (Reading database ... 45%\\n (Reading database ... 50%\\n (Reading database ... 55%\\n (Reading database ... 60%\\n (Reading database ... 65%\\n (Reading database ... 70%\\n (Reading database ... 75%\\n (Reading database ... 80%\\n (Reading database ... 85%\\n (Reading database ... 90%\\n (Reading database ... 95%\\n (Reading database ... 100%\\n (Reading database ... 213767 files and directories currently installed.)\\n Removing linux-modules-4.15.0-161-generic (4.15.0-161.169) ...", "Log ended": "2021-12-02  06:22:18"},
{"Log started": "2021-12-02  06:22:24", "Log content": "(Reading database ... \\n (Reading database ... 5%\\n (Reading database ... 10%\\n (Reading database ... 15%\\n (Reading database ... 20%\\n (Reading database ... 25%\\n (Reading database ... 30%\\n (Reading database ... 35%\\n (Reading database ... 40%\\n (Reading database ... 45%\\n (Reading database ... 50%\\n (Reading database ... 55%\\n (Reading database ... 60%\\n (Reading database ... 65%\\n (Reading database ... 70%\\n (Reading database ... 75%\\n (Reading database ... 80%\\n (Reading database ... 85%\\n (Reading database ... 90%\\n (Reading database ... 95%\\n (Reading database ... 100%\\n (Reading database ... 212496 files and directories currently installed.)\\n Removing linux-headers-4.15.0-161-generic (4.15.0-161.169) ...\\n dpkg: warning: while removing linux-headers-4.15.0-161-generic, directory '/lib/modules/4.15.0-161-generic' not empty so not removed", "Log ended": "2021-12-02  06:22:27"},
{"Log started": "2021-12-02  06:22:32", "Log content": "(Reading database ... \\n (Reading database ... 5%\\n (Reading database ... 10%\\n (Reading database ... 15%\\n (Reading database ... 20%\\n (Reading database ... 25%\\n (Reading database ... 30%\\n (Reading database ... 35%\\n (Reading database ... 40%\\n (Reading database ... 45%\\n (Reading database ... 50%\\n (Reading database ... 55%\\n (Reading database ... 60%\\n (Reading database ... 65%\\n (Reading database ... 70%\\n (Reading database ... 75%\\n (Reading database ... 80%\\n (Reading database ... 85%\\n (Reading database ... 90%\\n (Reading database ... 95%\\n (Reading database ... 100%\\n (Reading database ... 201305 files and directories currently installed.)\\n Removing linux-headers-4.15.0-161 (4.15.0-161.169) ...", "Log ended": "2021-12-02  06:22:35"},
{"Log started": "2021-12-03  06:46:26", "Log content": "(Reading database ... \\n (Reading database ... 5%\\n (Reading database ... 10%\\n (Reading database ... 15%\\n (Reading database ... 20%\\n (Reading database ... 25%\\n (Reading database ... 30%\\n (Reading database ... 35%\\n (Reading database ... 40%\\n (Reading database ... 45%\\n (Reading database ... 50%\\n (Reading database ... 55%\\n (Reading database ... 60%\\n (Reading database ... 65%\\n (Reading database ... 70%\\n (Reading database ... 75%\\n (Reading database ... 80%\\n (Reading database ... 85%\\n (Reading database ... 90%\\n (Reading database ... 95%\\n (Reading database ... 100%\\n (Reading database ... 183182 files and directories currently installed.)\\n Preparing to unpack .../libnss3_2%3a3.35-2ubuntu2.13_amd64.deb ...\\n Unpacking libnss3:amd64 (2:3.35-2ubuntu2.13) over (2:3.35-2ubuntu2.12) ...\\n Setting up libnss3:amd64 (2:3.35-2ubuntu2.13) ...\\n Processing triggers for libc-bin (2.27-3ubuntu1.2) ...", "Log ended": "2021-12-03  06:46:33"},
{"Log started": "2021-12-08  06:00:47", "Log content": "(Reading database ... \\n (Reading database ... 5%\\n (Reading database ... 10%\\n (Reading database ... 15%\\n (Reading database ... 20%\\n (Reading database ... 25%\\n (Reading database ... 30%\\n (Reading database ... 35%\\n (Reading database ... 40%\\n (Reading database ... 45%\\n (Reading database ... 50%\\n (Reading database ... 55%\\n (Reading database ... 60%\\n (Reading database ... 65%\\n (Reading database ... 70%\\n (Reading database ... 75%\\n (Reading database ... 80%\\n (Reading database ... 85%\\n (Reading database ... 90%\\n (Reading database ... 95%\\n (Reading database ... 100%\\n (Reading database ... 183182 files and directories currently installed.)\\n Preparing to unpack .../busybox-initramfs_1%3a1.27.2-2ubuntu3.4_amd64.deb ...\\n Unpacking busybox-initramfs (1:1.27.2-2ubuntu3.4) over (1:1.27.2-2ubuntu3.3) ...\\n Setting up busybox-initramfs (1:1.27.2-2ubuntu3.4) ...", "Log ended": "2021-12-08  06:00:51"},
{"Log started": "2021-12-14  06:15:48", "Log content": "(Reading database ... \\n (Reading database ... 5%\\n (Reading database ... 10%\\n (Reading database ... 15%\\n (Reading database ... 20%\\n (Reading database ... 25%\\n (Reading database ... 30%\\n (Reading database ... 35%\\n (Reading database ... 40%\\n (Reading database ... 45%\\n (Reading database ... 50%\\n (Reading database ... 55%\\n (Reading database ... 60%\\n (Reading database ... 65%\\n (Reading database ... 70%\\n (Reading database ... 75%\\n (Reading database ... 80%\\n (Reading database ... 85%\\n (Reading database ... 90%\\n (Reading database ... 95%\\n (Reading database ... 100%\\n (Reading database ... 183182 files and directories currently installed.)\\n Preparing to unpack .../libglib2.0-0_2.56.4-0ubuntu0.18.04.9_amd64.deb ...\\n Unpacking libglib2.0-0:amd64 (2.56.4-0ubuntu0.18.04.9) over (2.56.4-0ubuntu0.18.04.8) ...\\n Setting up libglib2.0-0:amd64 (2.56.4-0ubuntu0.18.04.9) ...\\n No schema files found: doing nothing.\\n Processing triggers for libc-bin (2.27-3ubuntu1.2) ...", "Log ended": "2021-12-14  06:15:51"},
{"Log started": "2021-12-14  06:15:58", "Log content": "(Reading database ... \\n (Reading database ... 5%\\n (Reading database ... 10%\\n (Reading database ... 15%\\n (Reading database ... 20%\\n (Reading database ... 25%\\n (Reading database ... 30%\\n (Reading database ... 35%\\n (Reading database ... 40%\\n (Reading database ... 45%\\n (Reading database ... 50%\\n (Reading database ... 55%\\n (Reading database ... 60%\\n (Reading database ... 65%\\n (Reading database ... 70%\\n (Reading database ... 75%\\n (Reading database ... 80%\\n (Reading database ... 85%\\n (Reading database ... 90%\\n (Reading database ... 95%\\n (Reading database ... 100%\\n (Reading database ... 183182 files and directories currently installed.)\\n Preparing to unpack .../libglib2.0-data_2.56.4-0ubuntu0.18.04.9_all.deb ...\\n Unpacking libglib2.0-data (2.56.4-0ubuntu0.18.04.9) over (2.56.4-0ubuntu0.18.04.8) ...\\n Setting up libglib2.0-data (2.56.4-0ubuntu0.18.04.9) ...", "Log ended": "2021-12-14  06:15:59"}